StartDate,EndDate,Status,IPAddress,Progress,Duration (in seconds),Finished,RecordedDate,ResponseId,RecipientLastName,RecipientFirstName,RecipientEmail,ExternalReference,LocationLatitude,LocationLongitude,DistributionChannel,UserLanguage,PQ1,PQ2,PQ3,PQ4,PQ5,Q2,Q3,Q4,Q5,Q6,Q7,Q8,Q9,Q10,Q11,Q12,Q13,Q18,Q14,Q16,Q17,Q52,Q19_1,Q19_2,Q19_3,Q19_4,Q19_5,Q19_6,Q19_7,Q23,Q24,Q25,Q26#1_1,Q26#1_2,Q26#1_3,Q26#1_4,Q26#1_5,Q26#1_6,Q26#1_7,Q27,Q28,Q29,Q30,Q31,Q32,Q33#1_1,Q33#2_1,Q34#1_1,Q34#2_1,Q35#1_1,Q35#2_1,Q36_1,Q36_2,Q36_3,Q36_4,Q36_5,Q38_1,Q39_1,Q40_1,Q54,Q54_1,Q54_2,Q54_3,Q53_1,Q55_1,Q56_1,Q56_2,Q56_4,Q56_10,Q56_6,Q56_12,Q56_8,Q56_11,Q56_13,Q53,id,RandomID
Start Date,End Date,Response Type,IP Address,Progress,Duration (in seconds),Finished,Recorded Date,Response ID,Recipient Last Name,Recipient First Name,Recipient Email,External Data Reference,Location Latitude,Location Longitude,Distribution Channel,User Language,"I agree that I have had the opportunity to ask any questions prior to the beginning of the survey by contacting one of the teaching staff for PSYC121, e.g. t.beesley@lancs.ac.uk, or j.towse@lancs.ac.uk","I understand that I have the right to withdraw from this survey, without having to provide a reason, with no adverse consequences to myself.",I understand that the results of this survey may be used in future teaching reports. I understand that the redacted and anonymised data resulting from my participation may be made openly available to other teachers for the purpose of learning about analysis,I understand that my participation in this survey is confidential and no information that can be used to identify myself will be published,I consent to taking part in this survey,What is your age?,In which month were you born?,What is your gender identity?,How tall are you in centimetres?,"Within your family, were you:","Where is your non term-time address (i.e., where is ""home"" for you)?","Within the UK, where do you live?",What is your highest maths qualification?,How many different countries have you visited in the world?,Thinking about your maths skills in comparison to the other students taking this class would you say your own skills are likely to be:,Thinking about your conversational and social skills in comparison to the other students taking this class would you say they are likely to be:,"Without looking it up, what do you estimate is the median annual salary in the UK?","This is a picture of a cow, called Penelope, next to a man (who weighs 75 kg, or 165lb). How much d",I am interested in pursuing a Psychology module in parabanjology,"Imagine you are on a game-show and you win £300. The presenter gives you have a choice: receive an additional £100 for sure, or take a gamble offering a 50% chance to gain £200 and a 50% chance to gain nothing. Which would you choose?","Imagine you are on a different game-show and you win £500. Here you are given a choice between either losing £100 from your winnings for sure, or taking a gamble offering a 50% chance to lose nothing and a 50% chance to lose £200. Which would you choose?","How much do you think human activity contributes to climate change, as a percentage of overall climate change? Please enter a value between 0 (humans do not contribute to climate change at all) and 100 (human contribute entirely to climate change).","The following questions are from the Generalised Anxiety Disorder questionnaire. Please understand that your data are stored anonymously and that means we cannot link any of your responses to you personally. Please also note that scoring highly on this questionnaire does not necessarily mean you have an anxiety disorder. You do not have to answer these question if you do not want to. If you have serious concerns about anxiety or your mental health in general, student based services (The Base) can put you in touch with the appropriate support systems. 
Over the last 2 weeks, how often have you been bothered
by any of the following problems? - Feeling nervous, anxious or on edge?","The following questions are from the Generalised Anxiety Disorder questionnaire. Please understand that your data are stored anonymously and that means we cannot link any of your responses to you personally. Please also note that scoring highly on this questionnaire does not necessarily mean you have an anxiety disorder. You do not have to answer these question if you do not want to. If you have serious concerns about anxiety or your mental health in general, student based services (The Base) can put you in touch with the appropriate support systems. 
Over the last 2 weeks, how often have you been bothered
by any of the following problems? - Not being able to stop or control worrying?","The following questions are from the Generalised Anxiety Disorder questionnaire. Please understand that your data are stored anonymously and that means we cannot link any of your responses to you personally. Please also note that scoring highly on this questionnaire does not necessarily mean you have an anxiety disorder. You do not have to answer these question if you do not want to. If you have serious concerns about anxiety or your mental health in general, student based services (The Base) can put you in touch with the appropriate support systems. 
Over the last 2 weeks, how often have you been bothered
by any of the following problems? - Worrying too much about different things?","The following questions are from the Generalised Anxiety Disorder questionnaire. Please understand that your data are stored anonymously and that means we cannot link any of your responses to you personally. Please also note that scoring highly on this questionnaire does not necessarily mean you have an anxiety disorder. You do not have to answer these question if you do not want to. If you have serious concerns about anxiety or your mental health in general, student based services (The Base) can put you in touch with the appropriate support systems. 
Over the last 2 weeks, how often have you been bothered
by any of the following problems? - Trouble relaxing?","The following questions are from the Generalised Anxiety Disorder questionnaire. Please understand that your data are stored anonymously and that means we cannot link any of your responses to you personally. Please also note that scoring highly on this questionnaire does not necessarily mean you have an anxiety disorder. You do not have to answer these question if you do not want to. If you have serious concerns about anxiety or your mental health in general, student based services (The Base) can put you in touch with the appropriate support systems. 
Over the last 2 weeks, how often have you been bothered
by any of the following problems? - Being so restless that it is hard to sit still?","The following questions are from the Generalised Anxiety Disorder questionnaire. Please understand that your data are stored anonymously and that means we cannot link any of your responses to you personally. Please also note that scoring highly on this questionnaire does not necessarily mean you have an anxiety disorder. You do not have to answer these question if you do not want to. If you have serious concerns about anxiety or your mental health in general, student based services (The Base) can put you in touch with the appropriate support systems. 
Over the last 2 weeks, how often have you been bothered
by any of the following problems? - Becoming easily annoyed or irritable?","The following questions are from the Generalised Anxiety Disorder questionnaire. Please understand that your data are stored anonymously and that means we cannot link any of your responses to you personally. Please also note that scoring highly on this questionnaire does not necessarily mean you have an anxiety disorder. You do not have to answer these question if you do not want to. If you have serious concerns about anxiety or your mental health in general, student based services (The Base) can put you in touch with the appropriate support systems. 
Over the last 2 weeks, how often have you been bothered
by any of the following problems? - Feeling afraid, as if something awful might happen",Control:,Compatible:,Incompatible:,"During an average week, how many days would you use the following social media platforms (at leas... - How many days on average? - Facebook","During an average week, how many days would you use the following social media platforms (at leas... - How many days on average? - Instagram","During an average week, how many days would you use the following social media platforms (at leas... - How many days on average? - Twitter","During an average week, how many days would you use the following social media platforms (at leas... - How many days on average? - TikTok","During an average week, how many days would you use the following social media platforms (at leas... - How many days on average? - Snapchat","During an average week, how many days would you use the following social media platforms (at leas... - How many days on average? - YouTube","During an average week, how many days would you use the following social media platforms (at leas... - How many days on average? - Reddit",How many friends do you have on Facebook?,How many followers do you have on Instagram?,How many people do you follow on Instagram?,How many followers do you have on Twitter?,How many people do you follow on Twitter?,"What type of mobile phone do you have? If you have more than one phone, choose the one you use the most.","Think back over the past 7 days. Without trying to find out from your phone, try to estimate, on... - Hours - Estimated screen time","Think back over the past 7 days. Without trying to find out from your phone, try to estimate, on... - Minutes - Estimated screen time","Let's try and find out how much time you actually use your phone! For your iPhone, all you have t... - Hours - Average daily screen time","Let's try and find out how much time you actually use your phone! For your iPhone, all you have t... - Minutes - Average daily screen time",Let's try and find out how much time you actually use your phone! Android phones are all a little... - Hours - Average daily screen time,Let's try and find out how much time you actually use your phone! Android phones are all a little... - Minutes - Average daily screen time,MFDA scale. Please indicate with the radio buttons how you feel about these statements on a scale from 1 (strongly disagree) to 9 (strongly agree). - Everything we need to know about living a moral life God has revealed to us.,MFDA scale. Please indicate with the radio buttons how you feel about these statements on a scale from 1 (strongly disagree) to 9 (strongly agree). - What is morally good and right is what God says is good and right.,MFDA scale. Please indicate with the radio buttons how you feel about these statements on a scale from 1 (strongly disagree) to 9 (strongly agree). - If you want to know how to live a moral life you should look to God.,MFDA scale. Please indicate with the radio buttons how you feel about these statements on a scale from 1 (strongly disagree) to 9 (strongly agree). - Acts that are immoral are immoral because God forbids them.,MFDA scale. Please indicate with the radio buttons how you feel about these statements on a scale from 1 (strongly disagree) to 9 (strongly agree). - It is possible to live a righteous life without knowledge of God's laws.,"Your Professor at University has paired you with another classmate to work with on an assignment. The pairs were formed randomly, and although the Professor did not record who is working together, she states emphatically that she does not want anyone swapping partners. However, after class a classmate asks if you would be willing to switch partners. The classmate was assigned to work with a good friend of yours, and your assigned partner is a good friend of the classmate. If you disobey your Professor and switch partners, everyone will have a much more enjoyable time working on the project. Plus, everyone will be working with someone with whom they collaborate well, so everyone’s grades would probably end up being higher as well. The Professor would never find out that you switched partners, but you would be directly defying the Professor’s orders. In this situation, should you obey the Professor and refuse to switch partners, or disobey the Professor and switch partners? - Your feeling","You are the coach of a children’s soccer team. The morning of the big game, you realize that you forgot to reserve a field, which is your responsibility. You drive out to the local sports complex and see that none of the fields are being used. The security guard says that you cannot use a field unless you have reserved one ahead of time. You could tell the guard the truth, in which case the children will not get to play their game and will be very disappointed, or you could lie and tell the guard that you reserved the field a week ago, in which case the children will get to play their game. In this situation, should you tell the truth, or lie about having reserved the field? - Your feeling","You have a friend that suffers a great deal from poor self-esteem. She is particularly sensitive about her weight and her physical appearance. Recently, she cut her hair really short and you believe that it does not help her appearance at all. She asks you what you think of her new hairdo. In this situation, should you tell your friend the truth, or lie to spare her feelings? - Your feeling",Please select strongly agree to show that you are paying attention to this question,"Out of every 100 people in UK, about how many do you think: - Are Christian?","Out of every 100 people in UK, about how many do you think: - Are Muslim?","Out of every 100 people in UK, about how many do you think: - are over 65 years old?",What percentage of the UK population do you think are immigrants to this country (i.e. not born in UK? - Percentage of population who are immigrants,"In your opinion, what percentage of girls under 16 years of age in UK get pregnant each year? - Percentage of 15-19 year-olds who give birth","From this list of options, which three do you think would most reduce the greenhouse gas emissions of an individual living in one of the world’s richer countries? - Avoiding one long-distance flight (lasting six hours or more)","From this list of options, which three do you think would most reduce the greenhouse gas emissions of an individual living in one of the world’s richer countries? - Buying energy only from renewable sources (e.g. wind power, hydro- electric)","From this list of options, which three do you think would most reduce the greenhouse gas emissions of an individual living in one of the world’s richer countries? - Eating a plant-based diet","From this list of options, which three do you think would most reduce the greenhouse gas emissions of an individual living in one of the world’s richer countries? - Hang-drying their clothes, instead of using an electric or gas dryer)","From this list of options, which three do you think would most reduce the greenhouse gas emissions of an individual living in one of the world’s richer countries? - Having one fewer child","From this list of options, which three do you think would most reduce the greenhouse gas emissions of an individual living in one of the world’s richer countries? - Not having a car","From this list of options, which three do you think would most reduce the greenhouse gas emissions of an individual living in one of the world’s richer countries? - Recycling as much as possible","From this list of options, which three do you think would most reduce the greenhouse gas emissions of an individual living in one of the world’s richer countries? - Replacing a typical car with an electric car or hybrid","From this list of options, which three do you think would most reduce the greenhouse gas emissions of an individual living in one of the world’s richer countries? - Replacing traditional incandescent lightbulbs with low energy compact fluorescent (CFL) or LED lightbulbs","If you had a choice, would you want to purchase items:",id,RandomID
"{""ImportId"":""startDate"",""timeZone"":""America/Denver""}","{""ImportId"":""endDate"",""timeZone"":""America/Denver""}","{""ImportId"":""status""}","{""ImportId"":""ipAddress""}","{""ImportId"":""progress""}","{""ImportId"":""duration""}","{""ImportId"":""finished""}","{""ImportId"":""recordedDate"",""timeZone"":""America/Denver""}","{""ImportId"":""_recordId""}","{""ImportId"":""recipientLastName""}","{""ImportId"":""recipientFirstName""}","{""ImportId"":""recipientEmail""}","{""ImportId"":""externalDataReference""}","{""ImportId"":""locationLatitude""}","{""ImportId"":""locationLongitude""}","{""ImportId"":""distributionChannel""}","{""ImportId"":""userLanguage""}","{""ImportId"":""QID46""}","{""ImportId"":""QID47""}","{""ImportId"":""QID48""}","{""ImportId"":""QID49""}","{""ImportId"":""QID50""}","{""ImportId"":""QID1_TEXT""}","{""ImportId"":""QID2""}","{""ImportId"":""QID3""}","{""ImportId"":""QID4_TEXT""}","{""ImportId"":""QID5""}","{""ImportId"":""QID6""}","{""ImportId"":""QID7""}","{""ImportId"":""QID8""}","{""ImportId"":""QID9_TEXT""}","{""ImportId"":""QID10""}","{""ImportId"":""QID11""}","{""ImportId"":""QID15_TEXT""}","{""ImportId"":""QID38_TEXT""}","{""ImportId"":""QID16""}","{""ImportId"":""QID18""}","{""ImportId"":""QID19""}","{""ImportId"":""QID53_TEXT""}","{""ImportId"":""QID36_1""}","{""ImportId"":""QID36_2""}","{""ImportId"":""QID36_3""}","{""ImportId"":""QID36_4""}","{""ImportId"":""QID36_5""}","{""ImportId"":""QID36_6""}","{""ImportId"":""QID36_8""}","{""ImportId"":""QID23_TEXT""}","{""ImportId"":""QID24_TEXT""}","{""ImportId"":""QID25_TEXT""}","{""ImportId"":""QID26#1_1""}","{""ImportId"":""QID26#1_2""}","{""ImportId"":""QID26#1_3""}","{""ImportId"":""QID26#1_4""}","{""ImportId"":""QID26#1_5""}","{""ImportId"":""QID26#1_6""}","{""ImportId"":""QID26#1_7""}","{""ImportId"":""QID27_TEXT""}","{""ImportId"":""QID28_TEXT""}","{""ImportId"":""QID29_TEXT""}","{""ImportId"":""QID30_TEXT""}","{""ImportId"":""QID31_TEXT""}","{""ImportId"":""QID32""}","{""ImportId"":""QID33#1_1""}","{""ImportId"":""QID33#2_1""}","{""ImportId"":""QID34#1_1""}","{""ImportId"":""QID34#2_1""}","{""ImportId"":""QID35#1_1""}","{""ImportId"":""QID35#2_1""}","{""ImportId"":""QID39_1""}","{""ImportId"":""QID39_2""}","{""ImportId"":""QID39_3""}","{""ImportId"":""QID39_4""}","{""ImportId"":""QID39_5""}","{""ImportId"":""QID41_1""}","{""ImportId"":""QID42_1""}","{""ImportId"":""QID43_1""}","{""ImportId"":""QID65""}","{""ImportId"":""QID61_1""}","{""ImportId"":""QID61_2""}","{""ImportId"":""QID61_3""}","{""ImportId"":""QID60_1""}","{""ImportId"":""QID62_1""}","{""ImportId"":""QID63_1""}","{""ImportId"":""QID63_2""}","{""ImportId"":""QID63_3""}","{""ImportId"":""QID63_4""}","{""ImportId"":""QID63_5""}","{""ImportId"":""QID63_6""}","{""ImportId"":""QID63_7""}","{""ImportId"":""QID63_8""}","{""ImportId"":""QID63_9""}","{""ImportId"":""QID64""}","{""ImportId"":""id""}","{""ImportId"":""RandomID""}"
2023-10-05 09:12:02,2023-10-05 09:27:53,0,148.88.245.122,100,951,1,2023-10-05 09:27:54,R_piXoT6bWEGUSQ0x,,,,,54.0479,-2.7977,anonymous,EN,1,1,1,1,1,18,8,2,161,4,1,2,2,8,2,3,30000,400,2,1,2,90,2,1,2,1,2,3,1,3,3,4,1,5,1,8,8,2,1,,125,116,,,1,8,3,8,2,,,1,3,1,1,12,8,8,5,4,30,20,25,20,9,5,1,6,7,8,4,9,2,3,2,,702372
2023-10-05 10:16:48,2023-10-05 10:35:22,0,148.88.245.156,100,1113,1,2023-10-05 10:35:23,R_2fvWqOnlIZlD2Ob,,,,,54.0479,-2.7977,anonymous,EN,1,1,1,1,1,19,1,2,175,1,1,5,5,18,4,3,35000,195,1,1,1,90,1,1,1,1,1,1,1,3,4,6,1,8,5,8,8,7,1,,521,562,0,5,1,6,1,7,1,,,1,2,2,2,12,0,0,5,4,34,10,29,25,1,5,1,6,7,8,4,3,2,9,2,,881062
2023-10-08 14:07:05,2023-10-08 14:21:00,0,148.88.245.68,100,834,1,2023-10-08 14:21:01,R_Xw6SOrXhExHqNmF,,,,,54.0479,-2.7977,anonymous,EN,1,1,1,1,1,18,3,4,168,3,1,5,2,9,4,5,32000,327,1,2,1,64,3,4,3,4,1,4,2,5.29,4.81,6.53,1,8,5,1,2,1,1,,652,751,568,709,1,8,3,1,1,,,1,1,1,1,12,2,3,8,4,30,19,40,9,3,7,3,6,5,1,2,8,9,4,2,,292403
2023-10-08 14:25:25,2023-10-08 14:39:38,0,148.88.245.248,100,852,1,2023-10-08 14:39:38,R_1oFlqTjgIETJUxM,,,,,54.0479,-2.7977,anonymous,EN,1,1,1,1,1,19,5,2,165,1,3,,,7,2,3,5000,210,4,1,2,65,1,1,1,1,1,1,1,3,2,3,1,8,1,8,1,5,1,,200,500,,,1,13,3,9,3,,,3,1,10,1,5,2,,2,4,40,24,53,39,9,4,2,5,3,6,1,8,7,9,2,,139154
2023-10-08 15:19:17,2023-10-08 15:30:52,0,148.88.245.209,100,694,1,2023-10-08 15:30:53,R_30kIa87CGh71t1N,,,,,54.0479,-2.7977,anonymous,EN,1,1,1,1,1,18,5,2,165,1,1,2,2,4,3,4,25000,250,2,1,2,85,4,4,4,3,2,2,2,7,5,9,8,8,4,8,8,2,6,212,241,489,11,30,2,7,3,,,7,4,2,2,2,2,9,3,4,9,1,39,29,60,40,18,,,,,,,,,,2,,636503
2023-10-09 06:34:39,2023-10-09 06:50:29,0,148.88.245.233,100,949,1,2023-10-09 06:50:30,R_2SogkkOz3P70Mul,,,,,54.0479,-2.7977,anonymous,EN,1,1,1,1,1,18,12,2,168,2,1,3,5,12,3,3,35000,250,2,1,2,65,4,3,3,3,1,2,1,4.8,4.36,6.6,3,8,4,8,8,3,1,13,911,271,5,17,2,6,2,,,5,2,4,4,4,4,4,6,7,8,1,60,39,18,29,10,7,1,3,6,9,8,2,5,4,2,,241377
2023-10-09 06:32:27,2023-10-09 06:50:51,0,148.88.245.254,100,1103,1,2023-10-09 06:50:52,R_2s5ymlTxVo1AvG9,,,,,54.0479,-2.7977,anonymous,EN,1,1,1,1,1,18,10,2,166,1,1,1,2,10,2,2,30000,700,2,1,1,90,2,2,3,2,2,2,3,5.17,3.74,4.53,7,8,1,8,8,2,1,31,264,388,,,1,6,2,6,3,,,1,1,1,1,1,7,2,8,4,18,12,18,10,4,5,1,7,8,4,3,2,9,6,2,,601623
2023-10-09 06:32:24,2023-10-09 06:51:06,0,148.88.245.224,100,1122,1,2023-10-09 06:51:06,R_0qAEU8J4pw075Xr,,,,,54.0479,-2.7977,anonymous,EN,1,1,1,1,1,18,3,2,168,2,1,5,5,12,3,3,35000,220,3,1,2,90,4,4,4,2,1,2,4,5,3.3,6.6,2,5,1,8,8,1,1,0,196,250,,,1,7,3,7,3,,,3,2,3,3,5,8,7,9,3,61,41,72,55,24,7,1,3,9,4,2,5,6,8,2,,199977
2023-10-09 06:59:59,2023-10-09 07:08:46,0,148.88.245.233,100,526,1,2023-10-09 07:08:46,R_30oVXmR0DC0E9UC,,,,,54.0479,-2.7977,anonymous,EN,1,1,1,1,1,18,12,2,168,2,1,3,5,12,3,3,30000,250,2,1,2,75,3,3,3,3,3,2,1,4.6,4.3,5.37,2,8,4,8,8,3,1,13,911,271,17,5,2,5,1,,,5,2,3,3,3,3,3,6,7,8,1,60,19,18,30,10,5,4,6,7,9,8,2,1,3,2,,399376
2023-10-09 09:43:47,2023-10-09 09:58:32,0,148.88.245.148,100,884,1,2023-10-09 09:58:33,R_2Y3wZvXWKwb08Vy,,,,,54.0479,-2.7977,anonymous,EN,1,1,1,1,1,18,5,2,157,1,1,3,5,5,3,4,50000,380,2,1,1,90,6,6,6,6,6,6,6,7,6.96,12.36,1,4,1,1,1,1,1,,98,116,,,2,3,1,,,2,3,1,1,1,1,1,2,5,9,4,41,32,26,39,15,,,,,,,,,,2,,747317
2023-10-09 06:32:43,2023-10-09 10:36:57,0,148.88.245.109,100,14653,1,2023-10-09 10:36:57,R_22wReTcYtgsNMEu,,,,,54.0479,-2.7977,anonymous,EN,1,1,1,1,1,19,8,1,175,3,1,1,5,3,2,3,30000,600,4,1,1,95,3,2,3,1,1,2,1,3.58,2.42,5.26,1,7,2,8,8,8,4,,223,176,0,5,1,13,3,11,2,,,1,1,1,1,12,9,6,7,4,15,20,40,35,15,6,1,5,7,3,2,4,8,9,2,,480448
2023-10-09 06:32:23,2023-10-09 14:51:59,0,148.88.245.220,100,29975,1,2023-10-09 14:52:00,R_1DnY1ZH6ZIb74qU,,,,,54.0479,-2.7977,anonymous,EN,1,1,1,1,1,18,11,2,161,4,1,5,5,9,3,1,35000,720,2,2,1,90,2,1,1,2,2,2,1,4,3,6,1,8,1,8,8,2,1,,832,565,,,1,7,1,7,3,,,1,1,3,1,12,5,5,5,4,62,51,35,55,36,,,,,,,,,,2,,914186
2023-10-09 14:25:04,2023-10-09 15:56:09,0,148.88.245.9,100,5465,1,2023-10-09 15:56:10,R_3qQDU4PCIAaW2Ji,,,,,54.0479,-2.7977,anonymous,EN,1,1,1,1,1,18,8,2,166,4,1,5,5,6,4,3,27000,150,2,1,2,30,2,3,3,1,2,3,2,5.68,5.71,5.82,1,4,1,8,8,1,1,,555,648,,,1,5,2,4,4,,,1,1,1,1,1,7,3,9,4,31,30,23,31,28,8,2,4,7,3,1,6,9,5,1,,598781
2023-10-10 07:26:51,2023-10-10 07:43:41,0,148.88.245.43,100,1010,1,2023-10-10 07:43:42,R_3h0dZPN9P6W20SQ,,,,,54.0479,-2.7977,anonymous,EN,1,1,1,1,1,18,10,2,164,3,1,1,5,15,5,3,33000,300,3,1,2,75,3,2,4,2,2,1,4,5,3,5,6,8,4,8,8,4,1,120,631,2332,41,593,1,7,1,8,1,,,1,1,1,1,1,5,6,7,4,40,20,25,15,5,6,1,7,5,9,8,2,3,4,2,,377407
2023-10-10 15:56:46,2023-10-10 16:15:28,0,148.88.245.124,100,1121,1,2023-10-10 16:15:29,R_3GlccjlYbwMLD5t,,,,,54.0479,-2.7977,anonymous,EN,1,1,1,1,1,18,2,2,166,4,1,1,1,13,2,3,32000,133,2,1,2,97,4,2,3,4,4,2,1,6,4,8,4,8,2,8,8,3,1,15,658,725,7,121,1,7,1,6,2,,,3,1,2,1,12,7,9,3,4,54,15,32,19,7,7,1,3,8,5,4,2,6,9,2,,159118
2023-10-11 07:19:58,2023-10-11 07:39:15,0,148.88.245.250,100,1156,1,2023-10-11 07:39:16,R_2SjeBBW4UBX9nbL,,,,,54.0479,-2.7977,anonymous,EN,1,1,1,1,1,18,6,2,155,1,1,5,2,5,2,1,53000,185,3,1,2,92,1,1,2,2,3,2,1,4.4,4.36,6.39,1,8,1,1,5,8,1,,10,40,,,1,7,3,4,4,,,1,1,1,1,10,1,0,0,4,60,36,59,34,12,5,1,2,6,4,3,7,8,9,2,,182270
2023-10-11 07:24:13,2023-10-11 07:40:07,0,148.88.245.251,100,954,1,2023-10-11 07:40:08,R_1LkekUvB978flO9,,,,,54.0479,-2.7977,anonymous,EN,1,1,1,1,1,19,9,2,168,1,1,3,5,14,2,3,40000,200,2,1,2,70,4,2,2,1,2,2,2,6.7,5.3,8.0,7,8,1,6,8,3,1,18,174,215,,,2,4,2,,,3,3,1,3,2,1,11,7,7,6,4,43,15,15,20,7,1,2,6,4,7,3,9,5,8,2,,176201
2023-10-11 07:28:13,2023-10-11 07:49:18,0,148.88.245.255,100,1265,1,2023-10-11 07:49:19,R_2V93tslf56Xmplg,,,,,54.0479,-2.7977,anonymous,EN,1,1,1,1,1,19,12,2,157,4,1,2,5,0,3,3,25000,150,3,1,2,85,2,2,2,2,2,2,3,3.29,2.97,4,6,8,5,8,8,8,6,101,280,4076,13,401,1,7,3,9,1,,,1,1,1,1,1,7,4,8,4,35,15,40,25,15,1,4,7,6,8,3,5,2,9,2,,893698
2023-10-11 07:28:40,2023-10-11 07:49:43,0,148.88.245.147,100,1263,1,2023-10-11 07:49:44,R_1HhKnd3HCC7yv0I,,,,,54.0479,-2.7977,anonymous,EN,1,1,1,1,1,18,7,2,165,3,1,5,4,9,4,3,25000,200,3,1,1,75,4,4,4,4,4,3,4,5.13,3.3,6.49,4,8,1,7,8,3,1,4,247,366,,,1,9,3,8,1,,,2,2,2,2,2,5,3,8,4,35,11,30,30,10,3,4,9,6,8,1,5,2,7,2,,325310
2023-10-11 07:49:14,2023-10-11 08:00:08,0,148.88.245.145,100,654,1,2023-10-11 08:00:10,R_2fCZCurZeL1rYxz,,,,,54.0479,-2.7977,anonymous,EN,1,1,1,1,1,18,7,2,178,1,1,5,2,5,5,3,35000,325,2,1,1,60,4,4,4,4,4,4,4,4.88,3.15,5.78,2,8,1,8,8,6,1,0,1212,1202,,,1,10,2,9,1,,,11,11,11,11,11,0,6,9,4,70,60,50,20,15,4,1,5,6,7,8,2,9,3,2,,583633
2023-10-11 07:25:58,2023-10-11 09:14:12,0,104.28.89.71,100,6494,1,2023-10-11 09:14:13,R_1n6GXisjWp1KuDV,,,,,51.5088,-0.093,anonymous,EN,1,1,1,1,1,20,10,2,165,3,1,1,5,5,5,2,26000,250,2,2,2,80,3,1,2,4,3,2,2,6,4,7,2,6,1,1,4,7,1,0,381,280,,,1,6,2,6,2,,,11,,5,3,5,7,1,8,4,30,19,40,45,8,1,2,3,4,5,6,7,8,9,2,,499690
2023-10-11 09:15:13,2023-10-11 09:24:15,0,104.28.89.71,100,542,1,2023-10-11 09:24:16,R_2YhUcvXQKq14wZJ,,,,,51.5088,-0.093,anonymous,EN,1,1,1,1,1,20,10,2,165,3,1,1,5,5,5,2,26000,250,2,2,2,80,3,1,2,3,3,1,2,6,4,7,2,6,1,1,5,7,1,0,383,280,,,1,6,2,6,2,,,5,10,5,3,11,7,1,8,4,29,19,41,45,8,1,2,3,4,5,6,7,8,9,2,,775944
2023-10-11 09:39:41,2023-10-11 10:06:44,0,148.88.245.145,100,1623,1,2023-10-11 10:06:45,R_31aN2IUAPQ4fcti,,,,,54.0479,-2.7977,anonymous,EN,1,1,1,1,1,18,2,2,155,1,1,1,5,5,3,3,30000,450,2,1,2,35,1,1,1,1,1,1,1,4.91,3.62,4.57,8,8,1,1,5,3,1,318,346,698,,,2,7,3,,,8,3,1,1,1,1,1,9,4,7,4,41,30,39,15,20,,,,,,,,,,1,,539954
2023-10-11 10:16:40,2023-10-11 10:40:14,0,148.88.245.254,100,1413,1,2023-10-11 10:40:15,R_3iWkYW7SffginiU,,,,,54.0479,-2.7977,anonymous,EN,1,1,1,1,1,30,9,1,185,3,1,2,5,5,2,3,22000,250,1,1,1,50,2,2,3,3,4,3,1,6,5,7,1,1,1,1,1,8,1,,,,,,1,11,1,18,1,,,1,12,10,12,12,2,8,3,4,20,8,25,18,4,4,1,5,6,7,2,8,3,9,2,,788824
2023-10-11 10:40:35,2023-10-11 10:49:44,0,148.88.245.254,100,549,1,2023-10-11 10:49:45,R_0fFXaqkLJxoEVvX,,,,,54.0479,-2.7977,anonymous,EN,1,1,1,1,1,30,9,1,185,3,1,2,5,5,2,3,22000,225,1,1,1,50,2,2,4,4,4,4,1,6,5,7,1,1,1,1,1,8,1,,,,,,1,11,1,19,1,,,1,1,12,1,12,2,7,3,4,21,8,25,20,4,1,4,5,6,7,2,8,3,9,2,,555397
2023-10-11 07:29:17,2023-10-11 12:01:45,0,148.88.245.135,100,16348,1,2023-10-11 12:01:46,R_1OxBatiflP1c2KR,,,,,54.0479,-2.7977,anonymous,EN,1,1,1,1,1,18,8,2,178,3,1,5,2,8,2,3,75000,350,2,1,2,70,2,2,1,2,1,3,1,6,4.1,6.8,1,7,2,8,8,6,1,,552,616,0,8,1,16,3,23,3,,,1,1,1,10,12,5,1,8,4,31,25,46,35,17,2,1,4,9,8,7,3,6,5,1,,829317
2023-10-11 13:18:44,2023-10-11 13:53:53,0,148.88.245.238,100,2109,1,2023-10-11 13:53:54,R_3lzt5VfXwIZ9yQ3,,,,,54.0479,-2.7977,anonymous,EN,1,1,1,1,1,18,8,2,165,1,2,,,6,3,2,28000,391,1,1,1,77,2,3,3,3,2,1,2,6 seconds,5 seconds,10 seconds,1,8,1,8,5,6,1,,447,478,,,1,5,3,5,4,,,10,10,9,10,4,3,8,8,4,46,67,41,66,33,4,2,8,7,9,5,1,3,6,2,,830814
2023-10-11 14:15:46,2023-10-11 14:26:56,0,148.88.245.91,100,670,1,2023-10-11 14:26:57,R_26nEMPTqKKWH8zW,,,,,54.0479,-2.7977,anonymous,EN,1,1,1,1,1,18,8,2,165,3,1,1,5,6,3,3,30000,350,2,2,2,70,2,2,2,2,2,2,3,6,4,8,8,8,2,8,8,4,1,200,800,800,5,20,1,7,1,8,1,,,10,3,3,3,12,7,7,7,4,30,30,20,40,10,2,1,3,6,8,7,5,4,9,2,,304212
2023-10-11 16:42:09,2023-10-11 16:53:20,0,148.88.245.174,100,670,1,2023-10-11 16:53:21,R_22Llbm9GgqBVWTg,,,,,54.0479,-2.7977,anonymous,EN,1,1,1,1,1,18,5,1,183,3,1,4,5,4,3,2,30000,185,3,2,2,8,2,1,2,2,1,2,2,"green, blue, yellow, green, blue, red, green, blue, red, green","red, yellow, green, blue, red, blue, yellow, green, blue, red","yellow, green, blue, red, green, yellow, blurred, green, yellow",1,8,1,1,8,8,1,,350,750,,,1,9,1,6,3,,,9,10,9,4,10,8,3,5,1,20,50,24,19,3,5,2,9,7,8,3,6,4,1,2,,734527
2023-10-11 07:26:19,2023-10-12 03:16:53,0,148.88.245.188,100,71433,1,2023-10-12 03:16:54,R_CdWBusWSV0OXnHP,,,,,54.0479,-2.7977,anonymous,EN,1,1,1,1,1,19,9,2,164,2,1,2,5,18,3,2,30000,200,2,2,2,76,2,1,2,1,2,2,1,5.23s,3.20s,5.82s,1,8,4,8,8,2,1,,549,1147,0,0,1,6,1,5,3,,,1,1,1,1,11,6,6,2,4,67,42,31,11,19,6,1,2,4,3,5,8,9,7,1,,777122
2023-10-12 03:54:33,2023-10-12 04:10:00,0,148.88.245.130,100,926,1,2023-10-12 04:10:01,R_3psTUgwpNaiGYEm,,,,,54.0479,-2.7977,anonymous,EN,1,1,1,1,1,18,12,2,178,3,1,1,5,3,3,2,30000,500,1,1,1,75,3,3,3,2,2,3,4,5.28,2.91,5.99,1,8,1,5,8,6,1,,447,302,,,2,6,1,,,5,2,3,2,2,1,12,5,7,8,4,29,29,41,6,3,3,4,9,5,1,2,6,7,8,2,,392820
2023-10-12 04:31:42,2023-10-12 04:49:47,0,148.88.245.238,100,1084,1,2023-10-12 04:49:48,R_sjSTw42k5FJXLvH,,,,,54.0479,-2.7977,anonymous,EN,1,1,1,1,1,19,11,2,163,4,1,1,5,8,4,3,30000,500,3,2,1,80,2,1,1,2,1,1,2,7 seconds,6 seconds,9 seconds,1,6,1,8,8,4,1,,302,219,,,1,6,3,5,1,,,1,1,1,1,1,9,7,8,4,40,30,20,15,10,,,,,,,,,,2,,417049
2023-10-11 07:29:16,2023-10-12 05:00:11,0,148.88.245.111,100,77455,1,2023-10-12 05:00:12,R_2Tog8cFZGlYtZuq,,,,,54.0479,-2.7977,anonymous,EN,1,1,1,1,1,19,9,2,173,3,1,1,5,6,4,3,28000,365,3,2,2,74,2,2,2,3,1,4,1,6,3,10,2,8,2,8,8,3,1,1,506,387,16,42,1,9,1,9,3,,,1,1,1,1,11,9,3,8,4,60,20,56,35,24,3,1,5,8,9,2,6,4,7,2,,746157
2023-10-12 05:33:24,2023-10-12 05:46:54,0,148.88.245.136,100,809,1,2023-10-12 05:46:55,R_1n2uq7PuZfEvs4W,,,,,54.0479,-2.7977,anonymous,EN,1,1,1,1,1,19,9,2,162,3,1,1,7,13,3,4,37000,140,2,1,2,85,4,4,2,2,1,1,3,6,4,7,2,8,7,8,5,8,3,32,676,280,29,150,1,6,3,4,1,,,1,1,1,1,12,8,6,9,4,44,13,33,34,2,3,5,4,6,1,2,7,9,8,2,,941790
2023-10-12 05:33:09,2023-10-12 05:47:51,0,148.88.245.183,100,881,1,2023-10-12 05:47:52,R_21iBy3UOfcnkecE,,,,,54.0479,-2.7977,anonymous,EN,1,1,1,1,1,18,3,2,162,3,1,1,5,12,2,2,30000,475,2,1,2,63,3,3,3,3,2,3,2,3,4,5,8,8,1,8,8,5,1,243,803,1324,,,1,7,3,7,2,,,3,3,2,3,9,2,3,3,4,45,25,45,30,18,4,2,5,3,6,7,8,1,9,2,,397416
2023-10-12 05:32:42,2023-10-12 05:48:08,0,148.88.245.170,100,925,1,2023-10-12 05:48:08,R_1Fh1rK3gy5fkLGf,,,,,54.0479,-2.7977,anonymous,EN,1,1,1,1,1,18,8,2,170,1,2,,,15,2,2,35000,750,2,1,2,60,4,4,4,4,4,1,4,6,4,9,2,8,6,8,8,7,1,0,610,895,0,10,1,6,4,6,4,,,10,3,4,2,5,3,0,1,1,40,51,57,40,16,3,1,2,4,9,6,5,7,8,2,,400827
2023-10-12 05:32:37,2023-10-12 05:50:26,0,148.88.245.128,100,1069,1,2023-10-12 05:50:27,R_2nKbuG9yqtNk74t,,,,,54.0479,-2.7977,anonymous,EN,1,1,1,1,1,18,12,2,167,3,1,1,1,2,2,3,25000,150,2,1,2,90,2,2,2,2,2,3,2,4.33,3.38,4.29,1,8,8,6,8,4,1,,351,479,315,485,1,6,1,5,3,,,2,2,2,2,2,4,3,6,4,50,20,20,30,10,2,1,3,9,8,7,5,4,6,1,,286983
2023-10-12 05:32:31,2023-10-12 05:55:28,0,148.88.245.219,100,1377,1,2023-10-12 05:55:29,R_1LzJ4D1bzFcWTxA,,,,,54.0479,-2.7977,anonymous,EN,1,1,1,1,1,18,6,1,183,4,1,5,2,4,2,3,25000,250,2,1,1,80,3,3,2,1,2,2,3,5.04,4.50,9.35,8,6,3,2,1,8,3,51,38,47,1,66,2,9,1,,,6,3,1,1,1,1,1,4,2,4,4,30,20,30,50,10,1,3,4,5,6,7,2,8,9,2,,859112
2023-10-12 05:32:32,2023-10-12 05:55:34,0,148.88.245.158,100,1381,1,2023-10-12 05:55:34,R_31vJKxrizz4wuJo,,,,,54.0479,-2.7977,anonymous,EN,1,1,1,1,1,18,3,1,182,2,1,6,5,4,3,2,27500,200,1,1,1,75,2,3,4,3,4,2,3,4.59,3.04,8.45,1,6,8,5,8,7,2,,58,50,21,157,1,7,2,8,1,,,1,4,9,2,12,7,2,3,4,18,13,33,27,2,3,1,6,7,4,2,5,9,8,2,,325896
2023-10-12 05:59:49,2023-10-12 06:18:31,0,148.88.245.154,100,1121,1,2023-10-12 06:18:31,R_1OMIAYRAkH1S4gT,,,,,54.0479,-2.7977,anonymous,EN,1,1,1,1,1,18,8,2,178,1,1,5,2,9,3,2,30000,400,1,1,2,90,2,2,2,1,1,1,1,5,3,7,1,8,1,8,8,8,1,,271,409,,,1,9,3,10,4,,,2,2,2,2,9,7,6,5,4,47,24,56,41,11,6,1,3,9,7,2,4,8,5,2,,550845
2023-10-12 06:06:04,2023-10-12 06:21:27,0,148.88.245.247,100,923,1,2023-10-12 06:21:28,R_1pF4SS4tVfV2K6v,,,,,54.0479,-2.7977,anonymous,EN,1,1,1,1,1,18,7,2,155,1,1,2,2,6,2,3,22000,115,2,2,2,60,3,3,3,4,1,1,1,7.5,4,10,3,8,1,8,8,4,1,10,88,75,,,1,5,2,4,3,,,2,1,2,1,12,7,6,8,1,45,25,20,30,11,8,1,5,7,9,6,4,2,3,1,,188102
2023-10-12 05:32:33,2023-10-12 06:24:17,0,148.88.245.150,100,3103,1,2023-10-12 06:24:18,R_2ymD6eL9N40iZbj,,,,,54.0479,-2.7977,anonymous,EN,1,1,1,1,1,18,3,2,184,1,1,1,5,2,2,4,30000,720,2,1,2,85,2,2,2,2,2,3,2,4.2,2.63,6.3,6,8,1,5,4,4,1,70,124,309,,,1,10,2,10,1,,,3,1,1,1,12,4,6,0,4,30,40,15,50,29,8,4,5,6,7,2,1,9,3,2,,441903
2023-10-12 05:32:23,2023-10-12 06:33:07,0,148.88.245.242,100,3643,1,2023-10-12 06:33:08,R_0SuGQgEs3ZCcJI5,,,,,54.0479,-2.7977,anonymous,EN,1,1,1,1,1,19,8,2,172,3,1,1,5,5,3,2,29000,300,3,2,1,64,3,1,1,1,1,1,1,4.83,2.90,5,1,1,1,1,8,7,1,,,,,,2,3,4,,,4,1,2,3,3,2,12,4,6,6,4,37,42,52,26,24,2,5,6,1,7,8,3,9,4,2,,642268
2023-10-12 05:56:05,2023-10-12 06:56:49,0,148.88.245.219,100,3643,1,2023-10-12 06:56:50,R_2fHQMTipxaSok0G,,,,,54.0479,-2.7977,anonymous,EN,1,1,1,1,1,18,6,1,183,4,1,5,2,4,2,3,25000,250,2,1,1,80,2,2,3,1,3,2,2,5.04,4.50,9.73,8,6,3,2,1,8,4,51,38,47,1,66,2,9,1,,,6,3,1,1,1,1,12,5,2,4,4,30,20,15,50,10,3,4,5,6,7,8,1,9,2,2,,663118
2023-10-12 06:58:27,2023-10-12 07:16:45,0,148.88.245.186,100,1098,1,2023-10-12 07:16:46,R_tSxFU8LMnaPz57z,,,,,54.0479,-2.7977,anonymous,EN,1,1,1,1,1,18,12,2,169,1,1,1,5,5,3,3,40000,225,2,1,1,80,4,4,4,3,3,4,4,4.92,3.07,5.32,3,8,2,8,8,6,1,3,166,300,0,90,1,9,2,9,4,,,1,1,1,1,11,3,1,8,4,40,15,40,15,15,5,3,6,4,7,1,8,2,9,2,,412117
2023-10-12 08:22:27,2023-10-12 08:28:27,0,148.88.245.211,100,359,1,2023-10-12 08:28:28,R_0NBEMMD9ytOmWjL,,,,,54.0479,-2.7977,anonymous,EN,1,1,1,1,1,18,8,2,178,1,5,,,8,3,2,50000,200,2,1,1,60,2,1,1,2,1,2,2,10,7,15,1,8,1,1,6,4,1,,1000,700,,,1,6,4,6,,,,2,2,2,2,2,3,8,7,4,69,42,63,81,39,,,,,,,,,,2,,669768
2023-10-12 08:20:27,2023-10-12 08:30:48,0,148.88.245.203,100,620,1,2023-10-12 08:30:49,R_sC2C0EIXEXu1rgZ,,,,,54.0479,-2.7977,anonymous,EN,1,1,1,1,1,18,2,2,176,3,1,2,5,4,2,1,20000,120,1,1,2,80,3,2,2,1,1,2,2,6 sec,6 sec,5 sec,5,7,1,8,8,5,1,428,1325,804,,,1,8,1,7,3,,,1,1,1,1,1,7,8,8,4,72,41,61,31,11,8,1,5,6,2,9,4,3,7,2,,668301
2023-10-12 08:22:41,2023-10-12 08:31:41,0,148.88.245.52,100,539,1,2023-10-12 08:31:42,R_1EZ23p9jepsjfYx,,,,,54.0479,-2.7977,anonymous,EN,1,1,1,1,1,18,12,2,152,3,1,5,1,10,3,3,30000,240,2,1,1,65,4,3,3,2,2,1,2,7,4,7,2,8,8,8,8,5,1,30,600,601,9,15,1,10,1,7,3,,,12,12,12,12,4,4,3,8,4,19,9,20,49,9,1,3,4,5,6,2,7,8,9,1,,946597
2023-10-12 08:27:05,2023-10-12 08:32:07,0,148.88.245.219,100,302,1,2023-10-12 08:32:08,R_29poG9FhPhVR3pl,,,,,54.0479,-2.7977,anonymous,EN,1,1,1,1,1,18,6,1,183,4,1,5,2,4,2,3,25000,250,2,1,1,80,2,3,2,1,2,2,2,5.03,4.50,9.34,8,6,4,2,1,8,2,51,37,41,1,66,2,9,1,,,6,3,1,1,1,1,12,5,3,4,4,30,20,15,40,10,3,4,5,6,7,8,1,9,2,2,,877306
2023-10-12 08:20:40,2023-10-12 08:32:29,0,148.88.245.136,100,708,1,2023-10-12 08:32:30,R_1DpyD6xOptTnZGq,,,,,54.0479,-2.7977,anonymous,EN,1,1,1,1,1,18,6,2,176,1,1,3,7,5,3,3,40000,68,1,2,2,90,2,2,2,1,,3,1,4.55,3.28,7.17,8,8,4,1,8,3,1,100,1194,1812,3,4,1,7,2,5,4,,,1,1,1,1,1,6,6,9,4,29,17,15,31,2,,,,,,,,,,2,,865073
2023-10-12 08:22:17,2023-10-12 08:33:52,0,148.88.245.117,100,695,1,2023-10-12 08:33:53,R_3Gq9PO20qK6sJSv,,,,,54.0479,-2.7977,anonymous,EN,1,1,1,1,1,18,4,1,189,1,1,3,5,9,3,2,30000,537,2,1,2,85,3,2,2,2,1,1,1,3.18,2.56,4.91,1,8,2,8,8,8,1,,998,3215,0,0,2,9,1,,,8,4,4,3,10,1,5,5,9,7,4,36,36,52,40,11,4,1,5,6,3,7,2,8,9,2,,188492
2023-10-12 08:22:07,2023-10-12 08:33:53,0,148.88.245.212,100,705,1,2023-10-12 08:33:54,R_2vYzBi6aLbQYmpO,,,,,54.0479,-2.7977,anonymous,EN,1,1,1,1,1,18,7,2,178,4,1,6,5,15,2,1,31000,302,2,2,2,87,1,1,1,1,1,2,1,5.76,3.25,5.58,5,8,3,8,8,2,1,759,2921,1280,3,11,1,10,3,10,1,,,1,1,1,1,1,8,7,2,4,19,9,48,17,23,3,6,9,8,7,1,2,4,5,2,,414183
2023-10-12 08:21:41,2023-10-12 08:35:15,0,148.88.245.248,100,813,1,2023-10-12 08:35:16,R_3Krvua44AVdNhqk,,,,,54.0479,-2.7977,anonymous,EN,1,1,1,1,1,18,5,2,172,3,1,1,5,4,4,3,20000,325,1,1,1,80,3,3,4,4,2,2,3,4.87,3.93,7,8,8,1,8,8,4,1,131,836,730,,,1,9,3,8,3,,,1,1,1,1,1,7,5,6,1,36,14,34,34,20,5,1,8,2,7,3,6,4,9,1,,428596
2023-10-12 08:20:25,2023-10-12 08:36:03,0,148.88.245.191,100,937,1,2023-10-12 08:36:04,R_24piv5ANmy8gMT2,,,,,54.0479,-2.7977,anonymous,EN,1,1,1,1,1,18,5,2,166,3,1,3,5,7,3,3,30000,700,2,1,2,90,3,2,4,2,3,2,1,4.1,3.95,8.78,5,7,1,7,8,3,1,207,133,193,,,1,7,3,7,4,,,2,2,3,1,5,5,3,7,4,40,35,28,38,6,2,1,5,9,7,4,3,6,8,2,,723927
2023-10-12 08:20:43,2023-10-12 08:36:23,0,148.88.245.178,100,940,1,2023-10-12 08:36:24,R_XXNgI0AxF7sTOZb,,,,,54.0479,-2.7977,anonymous,EN,1,1,1,1,1,18,3,2,161,1,1,1,2,7,2,3,30000,250,4,1,2,80,4,4,4,4,2,3,3,5.23,3.48,5.17,1,5,6,8,8,7,4,,1013,1083,18,477,1,8,1,7,2,,,1,3,1,1,11,3,6,2,4,40,5,20,30,40,4,3,1,5,2,6,8,7,9,2,,771198
2023-10-12 08:26:33,2023-10-12 08:36:43,0,148.88.245.21,100,610,1,2023-10-12 08:36:44,R_3F4pwgtdoEVIpi9,,,,,54.0479,-2.7977,anonymous,EN,1,1,1,1,1,18,3,2,161,4,1,2,1,2,3,2,12000,189,1,1,1,89,1,1,1,1,1,1,1,7.07,5.12,11.05,1,8,2,8,3,6,1,,80,114,0,9,1,9,3,7,3,,,1,1,1,1,1,6,1,5,4,22,15,60,45,36,3,1,9,8,4,2,7,6,5,2,,263922
2023-10-12 08:21:41,2023-10-12 08:36:49,0,148.88.245.244,100,908,1,2023-10-12 08:36:50,R_33v5FDyKsbbglvS,,,,,54.0479,-2.7977,anonymous,EN,1,1,1,1,1,19,3,1,187,1,1,5,1,11,3,3,40000,750,1,1,2,70,1,1,2,2,2,1,2,4.3,4.2,8,1,3,1,6,7,8,1,,2126,772,,,1,6,2,7,3,,,10,5,4,11,1,7,5,1,1,35,32,18,28,8,4,3,9,7,5,1,6,2,8,2,,443041
2023-10-12 08:20:31,2023-10-12 08:37:10,0,148.88.245.9,100,998,1,2023-10-12 08:37:11,R_3Nyekq54Jq3tWCS,,,,,54.0479,-2.7977,anonymous,EN,1,1,1,1,1,19,9,2,175,1,1,1,5,17,3,1,24000,700,3,1,1,60,1,1,1,1,1,1,1,5,5,7,6,4,1,8,8,2,1,235,253,228,,,1,3,4,3,4,,,10,10,10,10,10,5,2,5,4,52,64,58,34,24,,,,,,,,,,2,,521320
2023-10-12 08:20:28,2023-10-12 08:37:31,0,148.88.245.13,100,1022,1,2023-10-12 08:37:32,R_1IWXqvsDpFA6C9Z,,,,,54.0479,-2.7977,anonymous,EN,1,1,1,1,1,18,6,1,185,3,1,1,5,7,3,3,25000,500,2,2,1,70,2,2,3,4,4,3,2,8,5,11,1,3,1,8,4,7,1,,154,214,,,1,6,1,8,2,,,3,3,4,1,12,9,7,2,4,50,25,32,25,5,9,1,7,8,5,2,4,3,6,2,,289842
2023-10-12 08:22:07,2023-10-12 08:37:57,0,148.88.245.205,100,949,1,2023-10-12 08:37:57,R_2X4ppYsnOeOlNCb,,,,,54.0479,-2.7977,anonymous,EN,1,1,1,1,1,18,8,2,165,1,1,5,5,8,2,2,25000,360,3,1,2,60,2,2,2,1,1,1,1,7.76,6.71,9.89,1,8,1,8,8,8,1,,935,852,,,1,6,1,8,2,,,2,1,1,1,12,8,8,6,1,25,35,30,30,9,6,3,2,5,7,4,1,8,9,2,,463212
2023-10-12 08:20:29,2023-10-12 08:38:22,0,148.88.245.169,100,1073,1,2023-10-12 08:38:22,R_1FPd5pYQTIVRkTr,,,,,54.0479,-2.7977,anonymous,EN,1,1,1,1,1,19,8,2,157,2,1,1,5,8,3,3,20000,180,2,1,1,80,2,2,3,1,1,4,1,8 seconds,7 seconds,9 seconds,4,8,1,8,8,2,1,85,556,515,,,1,7,1,5,2,,,1,1,1,1,1,2,5,4,4,5,20,40,25,20,4,1,9,7,8,6,3,2,5,2,,978764
2023-10-12 08:21:29,2023-10-12 08:38:26,0,148.88.245.239,100,1017,1,2023-10-12 08:38:27,R_31Tre35MjY2eILs,,,,,54.0479,-2.7977,anonymous,EN,1,1,1,1,1,18,8,2,159,1,1,3,5,10,4,3,40000,700,1,1,2,75,3,3,3,2,2,1,3,7.07,5.57,8.17,3,8,1,7,8,8,1,10,95,348,,,2,6,2,,,6,4,1,1,1,1,1,5,6,9,4,33,54,50,20,6,3,1,5,4,6,2,7,8,9,2,,368970
2023-10-12 08:25:16,2023-10-12 08:39:03,0,148.88.245.8,100,826,1,2023-10-12 08:39:04,R_3M6aXgZx58iHaeQ,,,,,54.0479,-2.7977,anonymous,EN,1,1,1,1,1,18,1,2,155,3,1,5,1,7,4,2,57760,332,1,1,1,60,4,4,4,4,4,4,4,6.8,4.0,7.9,2,8,1,8,8,8,1,9,875,1077,,,1,7,3,7,4,,,1,1,1,1,1,6,3,5,3,30,15,19,9,6,1,2,3,8,5,4,7,6,9,1,,995759
2023-10-12 08:20:27,2023-10-12 08:39:06,0,148.88.245.208,100,1118,1,2023-10-12 08:39:07,R_11WSlU8FYzC2Ose,,,,,54.0479,-2.7977,anonymous,EN,1,1,1,1,1,18,4,2,172,3,1,1,5,7,3,3,40000,180,4,1,1,75,4,4,4,4,4,4,4,5,4,5,2,8,1,7,8,5,2,18,474,370,,,1,7,1,7,1,,,1,1,1,1,11,8,9,5,4,50,40,27,15,10,7,2,5,9,6,1,3,4,8,2,,789679
2023-10-12 08:20:27,2023-10-12 08:40:01,0,148.88.245.238,100,1173,1,2023-10-12 08:40:02,R_2dYKjYlexyoeF8w,,,,,54.0479,-2.7977,anonymous,EN,1,1,1,1,1,19,5,2,172,1,1,1,5,15,4,2,50000,600,2,1,1,80,2,3,3,1,1,2,3,06.89,05.73,09.14,5,6,1,8,8,2,1,41,72,175,,,1,8,1,8,2,,,1,1,1,1,12,7,1,6,4,45,40,70,30,35,4,1,5,6,2,7,8,3,9,1,,668382
2023-10-12 08:21:22,2023-10-12 08:40:05,0,148.88.245.154,100,1123,1,2023-10-12 08:40:06,R_3HGIFkDt4kAqWNy,,,,,54.0479,-2.7977,anonymous,EN,1,1,1,1,1,18,11,2,170,2,1,3,5,4,3,1,24000,262,2,1,1,80,4,4,3,2,2,3,4,4.00,4.26,7.33,2,8,2,8,8,6,1,63,623,353,1,11,1,11,2,12,3,,,2,3,1,1,11,7,2,9,4,35,28,35,35,25,1,4,8,5,6,2,7,3,9,2,,673640
2023-10-12 08:26:11,2023-10-12 08:40:41,0,148.88.245.108,100,869,1,2023-10-12 08:40:42,R_3iOSLPfZvNLby0x,,,,,54.0479,-2.7977,anonymous,EN,1,1,1,1,1,20,9,2,175,3,1,5,5,15,2,3,30000,376,1,2,2,85,2,1,2,2,2,1,1,3.98,2.86,4.63,5,8,7,8,8,6,1,230,834,979,41,167,1,5,4,5,1,,,2,1,1,1,10,6,4,6,4,30,20,30,10,5,9,1,5,4,7,2,6,3,8,1,,129065
2023-10-12 08:26:45,2023-10-12 08:41:10,0,148.88.245.73,100,865,1,2023-10-12 08:41:11,R_u8rApAvsduDt0qJ,,,,,54.0479,-2.7977,anonymous,EN,1,1,1,1,1,18,3,2,140,3,5,,,10,4,5,30000,250,1,1,1,15,,,,,,,,30,15,65,2,8,1,8,6,8,1,30,536,618,,,1,6,4,4,3,,,2,2,1,1,12,5,3,4,1,17,11,27,30,9,4,1,3,5,6,7,8,2,9,2,,148156
2023-10-12 08:31:48,2023-10-12 08:41:53,0,148.88.245.118,100,604,1,2023-10-12 08:41:54,R_vSIpacOLZpZ2PCx,,,,,54.0479,-2.7977,anonymous,EN,1,1,1,1,1,21,6,1,183,3,5,,,2,2,5,50000,300,2,1,1,40,4,4,4,4,4,4,4,11.53,8.92,9.00,1,1,1,1,1,1,1,,,,,,1,11,3,10,1,,,3,2,1,1,3,8,3,7,4,30,18,32,41,30,1,2,5,8,9,7,6,3,4,2,,440503
2023-10-12 08:20:32,2023-10-12 08:43:02,0,148.88.245.75,100,1349,1,2023-10-12 08:43:03,R_1kYARy03lDudrqn,,,,,54.0479,-2.7977,anonymous,EN,1,1,1,1,1,18,3,2,171,1,1,5,5,5,2,2,25000,300,2,1,2,100,4,3,4,3,2,3,3,5.17,5.12,5.65,3,5,2,8,8,7,1,106,418,551,10,28,2,13,4,,,7,2,10,10,10,1,12,8,9,9,4,30,27,40,30,21,2,1,8,7,3,4,9,5,6,2,,899297
2023-10-12 08:23:34,2023-10-12 08:43:09,0,148.88.245.79,100,1175,1,2023-10-12 08:43:10,R_pskltz3S8yRay0V,,,,,54.0479,-2.7977,anonymous,EN,1,1,1,1,1,18,5,2,153,3,1,1,5,8,3,3,55000,560,2,1,1,75,3,2,2,2,3,4,1,6 seconds,4 seconds,5 seconds,5,8,3,8,8,2,2,679,166,250,9,56,1,6,2,5,2,,,12,5,5,2,10,2,0,3,4,40,60,30,25,10,4,3,6,7,8,1,5,2,9,2,,728382
2023-10-12 08:29:10,2023-10-12 08:43:16,0,82.132.244.14,100,845,1,2023-10-12 08:43:16,R_3L0TwHxvoPEVD1y,,,,,52.9538,-1.1571,anonymous,EN,1,1,1,1,1,18,4,2,180,2,2,,,15,3,3,30000,132,3,1,1,80,3,2,3,3,3,2,2,10,14,15,2,8,1,8,8,6,1,25,1100,700,,,1,5,3,5,1,,,3,3,3,4,5,7,1,9,4,28,52,40,40,8,2,3,5,6,7,1,4,8,9,1,,714596
2023-10-12 08:26:39,2023-10-12 08:44:21,0,148.88.245.251,100,1061,1,2023-10-12 08:44:21,R_3MKH4z9hNhau7a4,,,,,54.0479,-2.7977,anonymous,EN,1,1,1,1,1,18,12,1,170,4,1,1,5,8,3,3,30000,876,2,2,2,75,3,1,2,2,1,2,1,6.61,7.37,8.87,3,8,1,8,8,8,2,21,81,313,,,1,6,3,7,4,,,1,1,1,1,12,8,7,3,4,20,15,15,2,1,5,1,9,8,4,2,3,6,7,2,,238892
2023-10-12 08:20:26,2023-10-12 08:52:01,0,148.88.245.165,100,1894,1,2023-10-12 08:52:02,R_ZrySy58eTOhAp6V,,,,,54.0479,-2.7977,anonymous,EN,1,1,1,1,1,19,9,2,168,3,1,1,1,40,1,1,45000,138,2,1,1,85,4,4,4,4,4,4,4,5.43,5.9,6.28,3,8,8,8,3,6,1,177,1563,203,93,311,1,14,4,9,1,,,1,1,1,1,1,9,9,9,4,29,11,20,9,12,2,1,7,9,6,4,3,5,8,2,,337643
2023-10-12 05:35:33,2023-10-12 08:54:22,0,148.88.245.219,100,11929,1,2023-10-12 08:54:23,R_1lnNgAGxJSj9HTM,,,,,54.0479,-2.7977,anonymous,EN,1,1,1,1,1,19,7,2,165,2,1,3,5,6,3,3,27000,130,2,1,1,85,3,2,4,2,2,2,2,11,5,6,1,8,2,8,1,6,1,,142,272,0,31,1,6,3,7,1,,,1,1,1,1,1,5,6,8,4,20,10,40,30,9,7,1,6,8,9,5,3,2,4,2,,715182
2023-10-12 07:28:43,2023-10-12 09:00:16,0,148.88.245.167,100,5493,1,2023-10-12 09:00:17,R_cZ7MiSps5uXWSOJ,,,,,54.0479,-2.7977,anonymous,EN,1,1,1,1,1,18,4,2,168,2,1,1,5,2,3,3,32000,375,2,1,1,89,2,1,2,1,1,1,2,4,3,6,2,8,8,6,6,3,1,83,379,955,18,445,1,7,2,8,1,,,1,1,1,1,12,7,6,5,4,23,20,37,36,14,3,1,6,5,7,8,4,2,9,2,,333960
2023-10-12 08:20:31,2023-10-12 09:00:45,0,148.88.245.143,100,2413,1,2023-10-12 09:00:46,R_21ByRVkZaQirOHA,,,,,54.0479,-2.7977,anonymous,EN,1,1,1,1,1,18,8,2,158,1,1,2,5,9,2,1,35000,750,2,1,2,25,1,1,1,2,1,1,1,10.2s,9.8s,16.4s,3,8,1,8,8,2,1,100,3000,200,,,1,25,1,25,1,,,1,1,1,1,1,5,5,3,4,15,4,14,13,10,1,2,3,8,4,5,6,7,9,1,,361733
2023-10-12 08:20:27,2023-10-12 09:07:28,0,148.88.245.94,100,2820,1,2023-10-12 09:07:29,R_3eyvKVRNytylVMd,,,,,54.0479,-2.7977,anonymous,EN,1,1,1,1,1,18,10,2,168,2,1,2,5,17,3,1,30000,250,2,2,1,90,1,1,1,1,1,1,1,5.1,2.85,6.6,4,8,8,8,8,3,1,146,931,1255,20,139,1,8,2,8,2,,,1,1,1,1,1,7,2,9,4,55,30,60,20,6,9,2,5,8,1,3,6,4,7,2,,459857
2023-10-12 08:59:05,2023-10-12 09:12:15,0,148.88.245.27,100,790,1,2023-10-12 09:12:16,R_21oBqVRm945Fvzu,,,,,54.0479,-2.7977,anonymous,EN,1,1,1,1,1,19,12,3,159,1,1,1,5,15,3,3,30000,300,3,1,2,80,3,4,3,3,4,3,4,7.89,7.29,9.65,1,1,1,1,1,8,3,,,,,,2,4,2,,,3,2,5,9,9,3,10,8,1,3,4,40,21,29,42,15,4,2,5,6,7,8,3,1,9,2,,727759
2023-10-12 09:05:53,2023-10-12 09:28:02,0,148.88.245.113,100,1329,1,2023-10-12 09:28:04,R_1mFtb2X1rtjrHJ0,,,,,54.0479,-2.7977,anonymous,EN,1,1,1,1,1,18,1,2,166,3,5,,,11,3,4,20000,350,2,1,2,80,2,2,2,2,1,2,1,7,6.6,9,1,4,1,8,7,4,1,,196,248,,,1,7,2,7,2,,,4,3,2,1,1,6,0,7,4,71,30,55,35,15,8,1,7,5,9,2,6,3,4,2,,482019
2023-10-12 05:32:46,2023-10-12 09:36:09,0,148.88.245.184,100,14602,1,2023-10-12 09:36:10,R_2wtBkcfru1XVXWs,,,,,54.0479,-2.7977,anonymous,EN,1,1,1,1,1,19,8,1,185,3,1,1,5,9,3,3,21000,300,1,1,1,98,1,1,1,1,1,1,1,7,3,8,2,7,1,1,6,8,2,34,147,335,,,1,6,1,6,3,,,10,10,10,1,12,9,4,8,4,36,26,32,35,7,2,3,4,5,6,1,7,8,9,2,,183066
2023-10-12 09:23:53,2023-10-12 09:37:55,0,148.88.245.178,100,841,1,2023-10-12 09:37:56,R_3KBzcXXXZzYZ2gn,,,,,54.0479,-2.7977,anonymous,EN,1,1,1,1,1,18,6,2,165,2,1,5,5,20,3,3,30000,250,1,2,1,90,4,3,4,2,1,1,2,8,3,9,8,8,1,8,8,1,1,157,399,756,,,1,8,1,9,2,,,3,5,9,1,11,7,5,8,4,79,31,52,22,15,,,,,,,,,,2,,505454
2023-10-12 08:21:32,2023-10-12 10:27:33,0,148.88.245.211,100,7560,1,2023-10-12 10:27:34,R_28Idmp9bpXtkKjj,,,,,54.0479,-2.7977,anonymous,EN,1,1,1,1,1,18,11,2,170,3,1,1,5,5,4,3,24000,350,2,1,2,90,3,2,3,2,2,4,2,5,5,6,1,5,1,7,8,3,1,,900,950,,,1,5,3,7,1,,,2,2,2,1,5,6,7,9,4,60,25,37,30,5,2,1,5,8,4,3,7,6,9,1,,571067
2023-10-12 10:29:46,2023-10-12 11:17:50,0,148.88.245.114,100,2883,1,2023-10-12 11:17:51,R_3HjEGHDn68yRNzC,,,,,54.0479,-2.7977,anonymous,EN,1,1,1,1,1,19,11,2,167,1,1,1,5,10,3,5,30000,150,2,1,2,90,4,4,4,3,2,1,1,5.97,3.28,5.44,1,8,8,1,8,8,4,,62,402,4,110,2,6,3,,,8,2,1,1,1,1,12,6,5,8,4,40,18,26,22,31,5,3,4,6,1,2,7,8,9,2,,486587
2023-10-12 08:20:27,2023-10-12 11:55:28,0,90.249.233.72,100,12900,1,2023-10-12 11:55:29,R_3G9EKoQupMEayd9,,,,,53.958,-1.0842,anonymous,EN,1,1,1,1,1,18,1,2,157,3,1,1,5,1,3,5,5500,180,3,1,2,95,4,4,3,4,2,1,2,8,4,11,1,1,1,1,1,1,1,,,,,,1,5,3,6,,,,1,1,1,1,12,5,1,9,4,10,3,28,16,1,2,1,4,5,6,3,7,8,9,2,,149934
2023-10-12 08:23:48,2023-10-12 12:44:11,0,148.88.245.4,100,15622,1,2023-10-12 12:44:12,R_21u0xV3ARgXjeoy,,,,,54.0479,-2.7977,anonymous,EN,1,1,1,1,1,18,11,2,168,3,1,1,5,2,3,3,25000,135,2,1,2,94,4,3,4,2,1,3,2,6.50,2.86,11.03,1,5,1,8,6,2,1,,314,1033,,,1,5,1,5,3,,,1,1,3,1,1,7,7,6,4,20,17,48,17,20,4,1,9,5,3,2,6,7,8,2,,588010
2023-10-12 08:33:20,2023-10-12 13:15:20,0,109.175.227.195,100,16919,1,2023-10-12 13:15:21,R_UGvlo4ovg7s3ZlL,,,,,54.0479,-2.7977,anonymous,EN,1,1,1,1,1,19,9,2,173,1,5,,,3,2,2,5000,225,4,1,2,80,2,2,2,1,2,1,1,9.15,5.17,10.18,1,1,1,8,2,2,1,,,,,,2,16,3,,,23,4,1,1,1,1,1,8,6,9,4,62,42,54,30,31,5,1,2,6,3,4,7,8,9,2,,810450
2023-10-12 08:28:26,2023-10-12 14:33:36,0,148.88.245.253,100,21910,1,2023-10-12 14:33:37,R_u2m1RgujId82sbn,,,,,54.0479,-2.7977,anonymous,EN,1,1,1,1,1,18,1,2,172,4,1,5,5,2,4,3,30000,325,3,1,2,60,2,1,2,1,1,1,1,6.55,5.84,6.48,2,8,1,8,8,2,1,49,1218,708,,,1,8,3,6,4,,,10,10,10,10,3,6,3,5,1,30,35,42,30,6,5,3,6,8,9,1,4,2,7,2,,867878
2023-10-12 13:54:15,2023-10-12 14:38:44,0,148.88.245.0,100,2669,1,2023-10-12 14:38:45,R_215mqYDf5tVWtJL,,,,,54.0479,-2.7977,anonymous,EN,1,1,1,1,1,18,11,3,168,3,1,5,5,3,4,4,25000,500,2,2,1,40,6,6,6,6,6,6,6,7.2,5.36,8.51,1,8,1,8,3,5,1,,196,285,,,2,6,2,,,6,4,1,1,1,1,11,6,6,5,4,34,12,23,15,3,1,3,8,7,9,2,5,4,6,2,,740721
2023-10-12 14:20:34,2023-10-12 14:42:19,0,148.88.245.112,100,1305,1,2023-10-12 14:42:20,R_1KcDrTKjclH8xIe,,,,,54.0479,-2.7977,anonymous,EN,1,1,1,1,1,18,12,2,156,1,1,5,5,11,3,3,30000,180,3,1,2,80,3,2,2,2,1,2,2,6.33,4.25,8.45,1,4,1,1,8,4,1,,134,156,,,1,5,3,6,1,,,11,9,11,10,11,9,5,9,3,30,39,50,60,5,1,2,4,5,6,3,7,8,9,2,,941413
2023-10-12 14:53:45,2023-10-12 14:58:22,0,148.88.245.128,100,277,1,2023-10-12 14:58:23,R_23emNct9J1E5rPD,,,,,54.0479,-2.7977,anonymous,EN,1,1,1,1,1,18,12,2,167,3,1,1,1,2,2,3,25000,175,2,1,2,90,2,2,2,2,2,3,2,4.22,3.27,4.57,1,8,8,8,8,5,1,,351,450,300,350,1,6,2,5,3,,,2,2,2,2,2,4,3,6,4,40,17,27,29,14,1,5,4,8,7,2,6,3,9,1,,351204
2023-10-12 07:33:46,2023-10-12 15:25:22,0,148.88.245.221,100,28296,1,2023-10-12 15:25:23,R_29oWZZYojqdqezu,,,,,54.0479,-2.7977,anonymous,EN,1,1,1,1,1,19,12,2,173,1,2,,,10,3,3,35000,500,1,1,1,80,2,3,3,4,2,2,1,4,3,5,1,8,1,1,1,5,1,,85,138,,,2,4,3,,,5,3,1,1,2,1,11,1,7,6,4,50,20,29,19,5,9,5,2,6,1,3,7,8,4,2,,781440
2023-10-12 17:22:12,2023-10-12 17:36:39,0,148.88.245.201,100,867,1,2023-10-12 17:36:40,R_1hRp5X3abM4pyWx,,,,,54.0479,-2.7977,anonymous,EN,1,1,1,1,1,18,4,2,157,3,1,1,5,20,2,2,30000,460,2,1,2,80,3,4,4,4,4,4,3,5.55s,7s,6.31s,1,8,3,8,8,8,1,,465,942,6,140,1,6,2,7,4,,,3,3,4,4,9,5,0,6,4,40,30,30,22,19,6,1,2,3,9,4,7,5,8,2,,617620
2023-10-12 15:29:03,2023-10-12 17:40:50,0,148.88.245.122,100,7907,1,2023-10-12 17:40:51,R_0Bt1XzBCe2Ivyc9,,,,,54.0479,-2.7977,anonymous,EN,1,1,1,1,1,18,1,2,167,3,1,1,5,3,3,3,40000,225,1,1,1,80,3,2,2,4,1,3,3,3.88,3.24,6.32,1,8,1,1,8,8,1,,217,257,,,1,9,2,10,3,,,2,3,2,1,1,7,6,9,4,40,15,40,20,6,2,1,9,7,5,3,6,4,8,1,,917956
2023-10-12 18:07:21,2023-10-12 18:29:56,0,148.88.247.236,100,1354,1,2023-10-12 18:29:57,R_3EQ2zhmL7pJ0a1Y,,,,,54.0479,-2.7977,anonymous,EN,1,1,1,1,1,18,11,4,168,1,1,5,2,4,3,5,28000,130,1,1,1,99,,,,,,,,15,15,15,3,8,8,1,6,8,1,78,2540,490,9010,1415,1,4,1,2,2,,,,,,,,,,,4,40,45,20,50,,,,,,,,,,,1,,192557
2023-10-13 02:13:53,2023-10-13 02:26:51,0,185.104.136.55,100,777,1,2023-10-13 02:26:52,R_1E5PMBIQefh4Ibj,,,,,51.5064,-0.02,anonymous,EN,1,1,1,1,1,18,6,1,172,1,1,1,5,8,2,3,22000,195,2,1,1,95,2,1,2,2,2,2,1,12,8,15,1,8,8,8,8,8,3,,868,1742,0,9,1,8,3,8,2,,,4,2,3,2,2,8,5,7,4,39,25,34,15,7,8,1,4,5,6,3,2,7,9,2,,729718
2023-10-13 04:24:03,2023-10-13 04:49:18,0,148.88.245.240,100,1514,1,2023-10-13 04:49:19,R_00zdQMsEzDqWuKR,,,,,54.0479,-2.7977,anonymous,EN,1,1,1,1,1,18,8,2,172,3,1,3,5,6,4,3,25000,300,2,1,1,75,3,3,3,3,3,2,3,7,5,9,1,6,1,8,8,6,1,,117,200,,,1,4,4,4,1,,,3,3,3,3,3,5,2,6,4,40,82,50,17,3,3,1,4,5,6,2,7,8,9,2,,750062
2023-10-13 04:56:40,2023-10-13 05:15:39,0,148.88.245.134,100,1138,1,2023-10-13 05:15:40,R_3qUIWa8ouEO7u30,,,,,54.0479,-2.7977,anonymous,EN,1,1,1,1,1,18,10,2,167,1,1,5,5,7,3,3,40000,225,2,2,2,90,2,2,2,2,2,2,2,7.4,5.1,9.3,1,8,1,1,1,3,1,,126,208,,,1,10,2,9,2,,,1,1,1,1,11,3,3,7,4,30,19,45,45,10,5,1,2,7,3,4,8,6,9,2,,650022
2023-10-13 05:03:33,2023-10-13 05:20:18,0,148.88.245.115,100,1004,1,2023-10-13 05:20:18,R_3NVSP7P23i8yaWb,,,,,54.0479,-2.7977,anonymous,EN,1,1,1,1,1,18,2,2,175,1,1,5,5,8,4,2,30000,150,2,1,2,80,1,1,1,1,1,1,1,5,3,6,2,8,6,8,8,8,1,2,707,652,3,55,1,5,3,6,1,,,1,1,1,1,1,2,3,8,4,40,15,35,40,9,1,2,5,6,3,7,8,9,4,1,,233592
2023-10-13 06:02:54,2023-10-13 06:31:09,0,217.114.52.142,100,1694,1,2023-10-13 06:31:10,R_1Hcr7qSQbQYD7d4,,,,,54.0479,-2.7977,anonymous,EN,1,1,1,1,1,18,3,1,194,1,1,2,5,2,3,2,24000,350,1,1,2,98,2,2,1,2,2,3,1,6.29,5.01,8.22,1,3,1,8,8,4,1,,63,161,,,1,22,1,4,2,,,4,3,3,1,12,2,2,1,4,43,10,20,10,5,6,1,8,4,7,2,3,9,5,2,,423350
2023-10-12 08:21:44,2023-10-13 07:22:24,0,148.88.245.42,100,82839,1,2023-10-13 07:22:25,R_2SGKfveCnTuqBJf,,,,,54.0479,-2.7977,anonymous,EN,1,1,1,1,1,18,5,2,152,1,5,,,7,4,2,35000,400,1,1,2,70,1,1,3,2,1,2,2,3.90,4.39,6.21,1,8,3,1,6,6,1,,969,1156,1,22,1,5,4,6,4,,,1,1,1,1,12,6,8,8,4,65,34,55,34,20,4,5,6,7,8,9,1,2,3,2,,363135
2023-10-12 22:06:19,2023-10-13 07:22:31,0,148.88.245.134,100,33372,1,2023-10-13 07:22:32,R_2f1dM4ah6cgiec6,,,,,54.0479,-2.7977,anonymous,EN,1,1,1,1,1,19,7,2,172,2,1,4,1,9,1,4,50000,140,4,2,2,98,3,3,3,2,4,2,2,6.38,4.54,6.25,1,8,1,8,8,8,1,,21,56,,,1,6,3,5,2,,,1,1,1,1,1,9,1,3,4,30,40,45,35,15,5,1,7,8,6,3,2,4,9,2,,790220
2023-10-13 07:14:31,2023-10-13 07:34:06,0,148.88.245.187,100,1174,1,2023-10-13 07:34:07,R_1FzVNtYhYBM2zqb,,,,,54.0479,-2.7977,anonymous,EN,1,1,1,1,1,19,12,2,171,1,1,1,5,6,3,2,15345.78,350,2,1,2,60,2,1,2,1,1,1,1,6.96,7.55,12.63,2,8,2,8,8,4,1,57,339,490,0,1,1,7,2,6,3,,,2,1,1,1,11,5,1,3,4,42,25,47,30,26,,,,,,,,,,2,,837074
2023-10-13 07:26:06,2023-10-13 07:44:39,0,148.88.245.59,100,1112,1,2023-10-13 07:44:39,R_1hSw140jXbmwYGK,,,,,54.0479,-2.7977,anonymous,EN,1,1,1,1,1,18,7,2,158,4,1,4,5,6,4,4,27000,690,1,1,1,74,4,4,4,3,3,2,4,4.81 secs,3.19 secs,6.73 secs,4,8,1,8,8,6,3,30,684,2210,,,1,7,3,7,1,,,1,1,1,1,12,7,6,3,4,23,14,31,19,7,7,2,3,5,6,1,4,8,9,2,,229984
2023-10-13 07:02:30,2023-10-13 08:15:02,0,148.88.245.215,100,4352,1,2023-10-13 08:15:03,R_3p9BAnVfHzP0D2w,,,,,54.0479,-2.7977,anonymous,EN,1,1,1,1,1,18,2,1,178,1,1,1,5,20,3,3,29000,720,2,1,1,88,2,1,2,2,2,1,2,5,4,7,7,8,1,1,2,2,1,126,348,519,,,2,5,3,,,5,2,3,2,4,2,5,6,9,7,4,36,45,39,45,25,3,1,6,2,7,4,5,8,9,2,,931213
2023-10-13 06:44:23,2023-10-13 08:17:56,0,2.24.206.150,100,5612,1,2023-10-13 08:17:57,R_1rIKO3ns89BnNtm,,,,,54.2039,-2.8371,anonymous,EN,1,1,1,1,1,38,5,1,178,2,1,1,7,17,2,4,36000,150,1,1,2,91,4,1,4,4,1,1,1,7,6,10,1,1,1,1,1,8,1,,,,,,1,3,3,5,1,,,1,1,9,4,12,2,7,2,3,35,15,30,20,5,2,8,9,5,1,3,7,4,6,2,,862964
2023-10-13 03:52:47,2023-10-13 08:19:39,0,148.88.245.18,100,16011,1,2023-10-13 08:19:40,R_1mlNnkKcOpkoUEy,,,,,54.0479,-2.7977,anonymous,EN,1,1,1,1,1,18,12,1,180,4,1,1,2,14,2,3,30000,500,2,2,1,60,2,1,2,2,1,1,1,4.6,3.4,5.6,1,8,8,1,4,8,6,,147,556,16,549,2,6,1,,,5,4,3,2,2,1,1,8,6,8,4,65,25,60,35,5,4,1,5,6,7,2,8,3,9,2,,285838
2023-10-13 08:18:07,2023-10-13 08:35:55,0,148.88.245.210,100,1067,1,2023-10-13 08:35:56,R_22rBvZI4QYs4dm3,,,,,54.0479,-2.7977,anonymous,EN,1,1,1,1,1,18,4,2,175,1,1,1,5,9,3,2,30000,225,2,1,2,70,2,1,3,2,3,1,1,5.4,4.7,6.24,1,3,1,8,8,8,1,,213,455,,,1,7,1,7,3,,,2,2,2,2,12,5,1,6,4,50,25,45,35,20,3,1,4,2,5,6,7,8,9,2,,274879
2023-10-13 08:19:34,2023-10-13 08:40:24,0,151.231.194.129,100,1249,1,2023-10-13 08:40:25,R_1QGffowcDiVHc79,,,,,53.5972,-2.3013,anonymous,EN,1,1,1,1,1,19,8,2,171,3,1,1,5,4,3,4,27000,320,1,1,1,90,4,3,3,3,4,2,2,3.45,2.9,5.2,1,8,1,8,8,4,1,,88,183,,,1,5,1,8,4,,,2,4,3,2,5,8,5,8,4,72,40,28,24,20,4,1,9,3,5,2,6,7,8,2,,486764
2023-10-13 08:32:46,2023-10-13 08:50:52,0,148.88.245.174,100,1085,1,2023-10-13 08:50:53,R_12orZNEtuw1yAup,,,,,54.0479,-2.7977,anonymous,EN,1,1,1,1,1,19,9,1,185,3,1,1,5,14,4,2,25000,650,2,1,1,90,3,1,1,1,1,1,1,5.2,4.8,5.9,1,6,4,8,8,3,1,,785,720,0,0,1,5,3,6,3,,,1,1,1,1,12,8,8,2,4,40,5,8,8,5,1,2,4,5,6,3,7,8,9,2,,571370
2023-10-13 08:44:42,2023-10-13 08:51:59,0,148.88.245.147,100,436,1,2023-10-13 08:51:59,R_25WOpWpLCUba00y,,,,,54.0479,-2.7977,anonymous,EN,1,1,1,1,1,18,7,2,167,3,1,5,4,8,3,3,25000,200,2,1,1,75,4,4,4,3,3,3,4,4.92,3.16,6.06,4,7,1,8,8,3,1,4,246,364,,,1,9,3,8,1,,,2,2,2,2,2,6,3,8,4,34,19,24,19,9,2,6,9,5,7,1,8,3,4,2,,310753
2023-10-12 05:33:33,2023-10-13 08:59:48,0,148.88.245.114,100,98775,1,2023-10-13 08:59:49,R_1oAtHLSMSLegCjT,,,,,54.0479,-2.7977,anonymous,EN,1,1,1,1,1,18,6,2,180,3,1,3,2,5,2,1,32000,690,1,2,2,98,1,1,2,1,1,1,2,6,4,7,1,8,2,8,8,8,1,,366,381,0,8,1,7,1,9,1,,,2,1,2,2,11,8,6,5,4,50,25,40,25,10,1,2,4,5,6,3,7,8,9,2,,827298
2023-10-12 05:43:12,2023-10-13 09:22:37,0,148.88.245.7,100,99564,1,2023-10-13 09:22:38,R_6JRcE9mbdBRHy3D,,,,,54.0479,-2.7977,anonymous,EN,1,1,1,1,1,18,4,2,176,1,1,4,5,15,3,4,5000,150,1,1,2,80,2,,,,,,,4.69,4.29,6.4,8,8,1,8,8,7,2,150,390,800,,,1,8,1,5,4,,,1,1,1,1,1,6,7,3,4,48,27,70,38,19,5,4,6,9,8,1,7,2,3,1,,538468
2023-10-13 09:16:10,2023-10-13 09:27:16,0,148.88.245.144,100,666,1,2023-10-13 09:27:17,R_2abmvLQ1UIvQ1JT,,,,,54.0479,-2.7977,anonymous,EN,1,1,1,1,1,18,2,1,185,2,1,1,5,5,4,2,30000,150,2,1,1,45,2,2,4,2,1,1,1,4 seconds,3 seconds,6 seconds,3,7,5,8,8,6,1,215,1004,2806,14,72,1,7,2,8,4,,,9,3,4,9,5,5,2,6,4,40,70,60,20,15,1,2,5,6,9,3,7,4,8,1,,966985
2023-10-13 09:15:37,2023-10-13 09:32:41,0,148.88.245.71,100,1023,1,2023-10-13 09:32:42,R_ymSZseVoNXYxvH3,,,,,54.0479,-2.7977,anonymous,EN,1,1,1,1,1,18,11,1,173,4,1,1,7,6,2,2,28000,250,3,1,2,95,2,1,2,1,4,1,1,5.06,"4.16 ",7.04,2,8,8,8,8,4,1,157,183,369,90,267,2,16,3,,,3,3,1,1,1,1,1,5,6,9,4,30,15,6,6,5,3,1,2,6,7,4,9,5,8,2,,501808
2023-10-13 09:25:34,2023-10-13 09:33:32,0,148.88.245.7,100,477,1,2023-10-13 09:33:33,R_wZa1boycCA61bVL,,,,,54.0479,-2.7977,anonymous,EN,1,1,1,1,1,18,4,2,176,1,1,4,5,16,3,4,5000,150,1,2,2,100,1,1,1,1,1,1,1,2.6,2.8,4.6,4,8,1,8,8,4,1,100,400,800,,,1,8,1,5,,,,1,1,1,1,1,9,9,0,4,48,30,42,22,5,1,4,5,6,2,7,3,8,9,1,,129650
2023-10-13 10:27:03,2023-10-13 10:39:05,0,148.88.245.1,100,721,1,2023-10-13 10:39:06,R_XZDQ11XPD3xTQyZ,,,,,54.0479,-2.7977,anonymous,EN,1,1,1,1,1,18,2,2,172,1,1,5,5,25,3,4,30000,760,2,1,2,70,4,4,4,4,3,2,4,4.97,3.31,4.62,1,8,1,8,8,1,1,,435,452,,,1,4,3,4,3,,,1,1,1,1,12,4,1,6,4,42,15,52,30,12,7,1,5,6,8,2,4,3,9,2,,601408
2023-10-13 09:23:08,2023-10-13 11:21:17,0,148.88.245.80,100,7088,1,2023-10-13 11:21:18,R_1i8o5bbanPloRv2,,,,,54.0479,-2.7977,anonymous,EN,1,1,1,1,1,19,9,1,175,3,1,2,5,12,4,4,25000,130,1,1,2,95,4,2,2,2,2,2,4,5.68,3.21,8.75,1,8,1,8,8,8,3,,338,483,,,1,8,1,7,2,,,1,1,2,1,12,7,8,5,4,50,29,16,20,6,5,3,8,4,9,1,7,2,6,2,,103307
2023-10-13 18:18:56,2023-10-13 18:35:34,0,148.88.245.231,100,998,1,2023-10-13 18:35:35,R_1OHUWoqk0NShAAT,,,,,54.0479,-2.7977,anonymous,EN,1,1,1,1,1,19,2,2,161,3,1,5,5,6,3,4,30000,210,2,1,2,90,4,4,4,4,4,4,3,4.42,3.99,4.96,1,8,8,4,8,6,1,,513,1428,1132,1627,1,7,1,6,4,,,2,2,2,2,12,7,7,1,4,15,20,40,15,7,9,1,2,6,7,4,3,5,8,2,,834182
2023-10-14 04:32:46,2023-10-14 04:53:42,0,148.88.245.169,100,1256,1,2023-10-14 04:53:43,R_DT2H9LvjZTbj7CV,,,,,54.0479,-2.7977,anonymous,EN,1,1,1,1,1,19,3,2,164,3,2,,,3,2,3,5000,500,3,2,2,85,3,3,4,3,2,2,2,7,5,6,1,8,1,8,8,1,1,,769,894,,,1,6,4,7,2,,,3,2,3,2,5,6,1,7,4,65,59,54,69,30,,,,,,,,,,2,,401479
2023-10-14 07:57:49,2023-10-14 08:29:47,0,148.88.245.34,100,1917,1,2023-10-14 08:29:48,R_23eKKyBeM3JCnw5,,,,,54.0479,-2.7977,anonymous,EN,1,1,1,1,1,19,9,2,163,1,1,5,5,3,3,2,26000,674,1,1,1,85,2,1,1,1,2,2,1,5,3,8,2,6,1,8,8,7,1,61,703,718,,,1,9,3,10,3,,,11,11,5,5,4,5,1,1,4,35,6,13,32,19,5,6,3,8,2,1,9,4,7,2,,726592
2023-10-14 08:27:35,2023-10-14 08:55:05,0,148.88.245.27,100,1649,1,2023-10-14 08:55:05,R_1gMvDb7u8VWsEPp,,,,,54.0479,-2.7977,anonymous,EN,1,1,1,1,1,20,1,2,165,1,1,5,7,1,3,3,30000,800,2,1,2,80,3,3,4,2,2,2,3,5,5,7,5,8,1,7,8,6,1,102,323,503,,,1,6,3,9,2,,,4,3,10,1,2,5,6,8,4,50,30,20,30,9,,,,,,,,,,1,,702460
2023-10-12 05:33:06,2023-10-14 09:22:20,0,148.88.245.24,100,186554,1,2023-10-14 09:22:21,R_29tdCmhVEYOxJ00,,,,,54.0479,-2.7977,anonymous,EN,1,1,1,1,1,18,8,2,161,4,1,2,2,7,2,3,30000,400,2,1,2,90,2,1,2,1,1,2,1,3,3,4,1,6,1,8,8,3,1,,129,120,,,1,9,1,8,4,,,1,2,2,1,11,7,8,5,4,41,18,27,14,11,9,3,4,5,7,1,6,2,8,2,,644898
2023-10-14 18:56:59,2023-10-14 19:04:05,0,82.47.48.231,100,425,1,2023-10-14 19:04:06,R_1fj8LiQ3VYa6FR5,,,,,55.951,-4.5752,anonymous,EN,1,1,1,1,1,19,8,1,176,3,1,1,5,2,2,3,30000,500,1,1,1,75,2,1,1,1,1,1,1,2.9,2.66,5.75,1,8,3,8,8,7,2,,225,184,0,0,1,9,1,5,4,,,1,1,1,1,1,8,6,9,4,25,20,40,35,10,5,4,6,7,1,2,3,8,9,2,,319488
2023-10-15 00:19:52,2023-10-15 04:45:38,0,148.88.245.51,100,15946,1,2023-10-15 04:45:39,R_12PbcsKTdK8qlC8,,,,,54.0479,-2.7977,anonymous,EN,1,1,1,1,1,18,4,2,175,3,1,5,5,10,3,2,37000,354,3,1,2,40,2,2,2,2,1,1,2,8,5,10,2,6,1,8,8,3,1,9,100,114,,,2,8,1,,,9,3,1,1,1,1,11,8,5,8,1,30,9,20,5,2,,,,,,,,,,2,,694365
2023-10-11 07:24:54,2023-10-15 15:34:51,0,148.88.245.168,100,374996,1,2023-10-15 15:34:52,R_6fohxDXM10z6nkd,,,,,54.0479,-2.7977,anonymous,EN,1,1,1,1,1,18,1,1,164,3,5,,,10,2,3,7500,186,2,1,1,70,2,1,1,1,1,1,1,3.55s,3.40s,5.05s,1,8,1,1,1,8,1,,450,1200,,,1,8,3,8,1,,,5,9,5,9,5,6,8,5,4,62,19,63,33,13,2,3,4,5,6,1,7,8,9,1,,857015
2023-10-16 04:09:39,2023-10-16 04:32:09,0,148.88.245.37,100,1349,1,2023-10-16 04:32:09,R_9TrsMysxWwep7lT,,,,,54.0479,-2.7977,anonymous,EN,1,1,1,1,1,18,2,2,167,3,1,1,5,9,3,3,25000,150,2,1,1,70,2,1,2,2,2,1,1,7,4,10,3,8,5,8,8,8,1,168,533,723,14,192,1,6,3,5,2,,,1,1,1,1,1,6,1,8,4,36,44,31,26,11,2,1,7,8,9,3,5,6,4,2,,721118
2023-10-17 03:24:07,2023-10-17 03:33:16,0,148.88.245.246,100,548,1,2023-10-17 03:33:17,R_2Tow2ztnXB9Uxj4,,,,,54.0479,-2.7977,anonymous,EN,1,1,1,1,1,18,8,2,177,1,1,1,5,7,4,3,30000,250,3,1,2,85,2,2,2,2,4,2,3,3,3,5,1,8,3,8,8,8,1,,39,172,0,0,2,16,3,,,13,3,1,1,2,1,12,9,4,7,3,44,29,44,25,10,6,3,8,5,9,1,4,2,7,2,,587747
2023-10-17 06:27:46,2023-10-17 06:47:05,0,148.88.245.105,100,1159,1,2023-10-17 06:47:06,R_3Eb373FnMtmQCD1,,,,,54.0479,-2.7977,anonymous,EN,1,1,1,1,1,18,4,2,170,4,1,3,5,2,4,4,25000,225,2,1,1,95,3,2,2,4,3,1,4,5,4,5,2,8,2,8,5,7,3,2,253,351,0,0,2,8,1,,,8,2,1,1,1,1,1,7,2,4,4,29,18,24,25,12,5,3,8,7,9,1,4,2,6,2,,128720
2023-10-17 11:09:14,2023-10-17 11:23:58,0,148.88.245.184,100,883,1,2023-10-17 11:23:59,R_32Q1ZwBmly5AXnK,,,,,54.0479,-2.7977,anonymous,EN,1,1,1,1,1,18,1,2,166,3,1,1,2,10,2,2,25000,110,3,1,2,95,4,4,4,3,2,1,2,3,3,4,2,4,1,8,8,2,1,91,183,327,,,1,11,3,7,4,,,1,1,1,1,1,8,3,9,4,41,28,15,39,17,2,4,3,5,6,9,1,7,8,2,,693280
2023-10-17 12:44:19,2023-10-17 12:55:36,0,148.88.245.46,100,676,1,2023-10-17 12:55:37,R_1n11xExtAWmoAah,,,,,54.0479,-2.7977,anonymous,EN,1,1,1,1,1,19,6,2,157,3,1,1,5,8,4,4,26000,450,3,2,1,90,2,2,1,1,1,2,1,8.8,4.59,13.4,1,8,1,8,8,5,1,,904,828,,,1,5,3,6,1,,,1,1,1,1,11,7,7,6,4,20,15,8,30,22,,,,,,,,,,1,,923774
2023-10-18 05:19:13,2023-10-18 05:30:22,0,148.88.245.10,100,668,1,2023-10-18 05:30:23,R_3O1vbC9et7ZGWmr,,,,,54.0479,-2.7977,anonymous,EN,1,1,1,1,1,18,4,2,170,1,1,3,5,6,3,3,25000,172,1,1,2,95,2,1,1,1,2,4,2,5.36,4.47,8.14,1,8,2,8,8,6,1,,413,443,115,477,1,9,3,8,2,,,1,1,1,1,11,7,4,8,4,62,46,22,26,7,6,3,4,1,5,2,8,9,7,2,,135760
2023-10-18 06:07:53,2023-10-18 08:03:18,0,148.88.245.181,100,6925,1,2023-10-18 08:03:20,R_31T6klL5yWgmDqC,,,,,54.0479,-2.7977,anonymous,EN,1,1,1,1,1,19,12,2,160,3,1,2,5,6,4,3,30000,1000,1,2,2,98,2,1,1,1,1,2,1,07.53,3.88,6.61,1,3,1,1,2,8,2,,131,155,,,2,7,3,,,6,1,3,2,3,1,2,4,3,2,4,10,11,25,20,5,9,1,2,8,3,6,7,5,4,2,,326945
2023-10-19 07:07:08,2023-10-19 07:15:36,0,148.88.245.226,100,508,1,2023-10-19 07:15:37,R_3RaqNnIqQ6aqjOX,,,,,54.0479,-2.7977,anonymous,EN,1,1,1,1,1,19,12,3,173,1,1,3,5,4,4,4,20000,300,2,1,1,70,4,4,4,4,4,4,4,13,6,8,1,2,1,8,8,1,1,,276,466,,,1,10,3,17,3,,,1,1,1,1,11,5,7,8,4,55,43,32,28,17,4,5,6,7,2,1,8,3,9,2,,386101
2023-10-12 05:41:31,2023-10-12 08:11:42,0,148.88.245.243,25,9011,0,2023-10-19 08:11:47,R_30jVLos21DT7A2E,,,,,,,anonymous,EN,1,1,1,1,1,18,10,2,159,1,2,,,,,,,,,,,,,,,,,,,,,,,,,,,,,,,,,,,,,,,,,,,,,,,,,,,,,,,,,,,,,,,,,,358108
2023-10-12 08:26:03,2023-10-12 08:27:18,0,148.88.245.136,25,74,0,2023-10-19 08:27:22,R_3Jaq2SOx9fYEHA0,,,,,,,anonymous,EN,1,1,1,1,1,18,12,2,175,1,1,,,,,,,,,,,,,,,,,,,,,,,,,,,,,,,,,,,,,,,,,,,,,,,,,,,,,,,,,,,,,,,,,,169608
2023-10-12 05:36:21,2023-10-12 05:49:56,0,148.88.245.31,80,814,0,2023-10-19 11:59:46,R_C4fZmAZ6oe4vya5,,,,,,,anonymous,EN,1,1,1,1,1,18,1,2,167,4,1,5,5,16,3,2,40000,700,4,2,2,50,2,2,2,1,1,2,2,-,-,-,1,3,4,8,8,2,1,,1153,1961,0,0,1,7,3,6,2,,,,,,,,,,,,,,,,,,,,,,,,,,,,483652
2023-10-13 09:15:53,2023-10-13 09:17:18,0,148.88.245.28,25,85,0,2023-10-20 09:17:20,R_PLeZSktcu7V7jOx,,,,,,,anonymous,EN,1,1,1,1,1,19,9,2,170,3,5,,,,,,,,,,,,,,,,,,,,,,,,,,,,,,,,,,,,,,,,,,,,,,,,,,,,,,,,,,,,,,,,,,628690
2023-10-16 05:07:50,2023-10-16 06:40:25,0,148.88.245.54,25,5554,0,2023-10-23 06:40:26,R_DI6AVfBMmyAz7Nv,,,,,,,anonymous,EN,1,1,1,1,1,18,6,2,165,3,1,,,,,,,,,,,,,,,,,,,,,,,,,,,,,,,,,,,,,,,,,,,,,,,,,,,,,,,,,,,,,,,,,,706198
2023-10-16 06:21:24,2023-10-17 09:46:20,0,148.88.245.219,25,98696,0,2023-10-24 09:46:21,R_2dRddLSftbyWJCz,,,,,,,anonymous,EN,1,1,1,1,1,18,10,2,167,2,1,,,,,,,,,,,,,,,,,,,,,,,,,,,,,,,,,,,,,,,,,,,,,,,,,,,,,,,,,,,,,,,,,,477156
2023-10-18 11:59:08,2023-10-18 12:03:07,0,31.205.77.228,25,239,0,2023-10-25 12:03:10,R_2t9BWvfMqxcVmY8,,,,,,,anonymous,EN,1,1,1,1,1,19,11,2,156,3,1,,,,,,,,,,,,,,,,,,,,,,,,,,,,,,,,,,,,,,,,,,,,,,,,,,,,,,,,,,,,,,,,,,347526
2023-10-28 07:51:05,2023-10-28 08:23:45,0,82.40.39.62,100,1960,1,2023-10-28 08:23:46,R_2saQFSn5L2rMals,,,,,51.4535,-2.5917,anonymous,EN,1,1,1,1,1,22,2,1,189,2,1,4,2,13,2,3,24000,400,2,1,1,98,1,1,2,1,4,4,1,4.55,3.26,9.74,1,1,1,1,6,8,1,,,,,,1,6,1,6,1,,,3,4,5,1,1,9,9,9,4,25,10,26,26,1,3,4,5,8,1,2,9,7,6,1,,332781
2023-10-20 09:30:10,2023-10-23 03:57:22,0,148.88.245.100,25,239232,0,2023-10-30 03:57:24,R_W0t25W5LADLVLwZ,,,,,,,anonymous,EN,1,1,1,1,1,18,8,2,170,1,1,,,,,,,,,,,,,,,,,,,,,,,,,,,,,,,,,,,,,,,,,,,,,,,,,,,,,,,,,,,,,,,,,,133014
2023-10-31 06:26:03,2023-11-01 10:17:16,0,148.88.245.179,100,100272,1,2023-11-01 10:17:16,R_1FbaA3RbA00JDjj,,,,,54.0479,-2.7977,anonymous,EN,1,1,1,1,1,19,7,2,155,4,5,,,9,3,3,30000,225,2,1,2,80,2,1,2,1,1,2,2,06:30,05:20,08:07,3,8,1,2,4,7,2,57,400,733,,,2,5,2,,,5,4,4,4,4,4,9,4,2,8,4,60,20,35,30,25,1,8,6,3,7,2,9,5,4,2,,591369
